station_id,pollutant_code,predicted_for,predicted_value,horizon_hours,baseline_name,generated_at,risk_level,source
28_005_002,NO2,2026-04-29T20:00:00,2.141948247987773,1,hist_gradient_boosting_v1,2026-05-13T23:13:33.355350,good,local_model_v1_artifact
28_005_002,NO2,2026-04-29T21:00:00,3.1594034130062574,2,hist_gradient_boosting_v1,2026-05-13T23:13:33.355350,good,local_model_v1_artifact
28_005_002,NO2,2026-04-29T22:00:00,3.1770826718911938,3,hist_gradient_boosting_v1,2026-05-13T23:13:33.355350,good,local_model_v1_artifact
28_005_002,NO2,2026-04-29T23:00:00,3.758703007797364,4,hist_gradient_boosting_v1,2026-05-13T23:13:33.355350,good,local_model_v1_artifact
28_005_002,NO2,2026-04-30T00:00:00,3.2001227216526544,5,hist_gradient_boosting_v1,2026-05-13T23:13:33.355350,good,local_model_v1_artifact
28_005_002,NO2,2026-04-30T01:00:00,3.769069956887032,6,hist_gradient_boosting_v1,2026-05-13T23:13:33.355350,good,local_model_v1_artifact
28_005_002,NO2,2026-04-30T02:00:00,2.829508990468559,7,hist_gradient_boosting_v1,2026-05-13T23:13:33.355350,good,local_model_v1_artifact
28_005_002,NO2,2026-04-30T03:00:00,3.12355243442659,8,hist_gradient_boosting_v1,2026-05-13T23:13:33.355350,good,local_model_v1_artifact
28_005_002,NO2,2026-04-30T04:00:00,2.9731288605086803,9,hist_gradient_boosting_v1,2026-05-13T23:13:33.355350,good,local_model_v1_artifact
28_005_002,NO2,2026-04-30T05:00:00,4.198098222187119,10,hist_gradient_boosting_v1,2026-05-13T23:13:33.355350,good,local_model_v1_artifact
28_005_002,NO2,2026-04-30T06:00:00,5.5574341386356325,11,hist_gradient_boosting_v1,2026-05-13T23:13:33.355350,good,local_model_v1_artifact
28_005_002,NO2,2026-04-30T07:00:00,4.205738829670287,12,hist_gradient_boosting_v1,2026-05-13T23:13:33.355350,good,local_model_v1_artifact
28_005_002,NO2,2026-04-30T08:00:00,3.9557752486616415,13,hist_gradient_boosting_v1,2026-05-13T23:13:33.355350,good,local_model_v1_artifact
28_005_002,NO2,2026-04-30T09:00:00,4.594798811812765,14,hist_gradient_boosting_v1,2026-05-13T23:13:33.355350,good,local_model_v1_artifact
28_005_002,NO2,2026-04-30T10:00:00,4.367789960207155,15,hist_gradient_boosting_v1,2026-05-13T23:13:33.355350,good,local_model_v1_artifact
28_005_002,NO2,2026-04-30T11:00:00,3.9786645617116867,16,hist_gradient_boosting_v1,2026-05-13T23:13:33.355350,good,local_model_v1_artifact
28_005_002,NO2,2026-04-30T12:00:00,3.4123009422764388,17,hist_gradient_boosting_v1,2026-05-13T23:13:33.355350,good,local_model_v1_artifact
28_005_002,NO2,2026-04-30T13:00:00,3.140876021586975,18,hist_gradient_boosting_v1,2026-05-13T23:13:33.355350,good,local_model_v1_artifact
28_005_002,NO2,2026-04-30T14:00:00,3.3908698284028267,19,hist_gradient_boosting_v1,2026-05-13T23:13:33.355350,good,local_model_v1_artifact
28_005_002,NO2,2026-04-30T15:00:00,3.052768277188862,20,hist_gradient_boosting_v1,2026-05-13T23:13:33.355350,good,local_model_v1_artifact
28_005_002,NO2,2026-04-30T16:00:00,2.999262962128151,21,hist_gradient_boosting_v1,2026-05-13T23:13:33.355350,good,local_model_v1_artifact
28_005_002,NO2,2026-04-30T17:00:00,3.4243179472322507,22,hist_gradient_boosting_v1,2026-05-13T23:13:33.355350,good,local_model_v1_artifact
28_005_002,NO2,2026-04-30T18:00:00,7.464601905122323,23,hist_gradient_boosting_v1,2026-05-13T23:13:33.355350,good,local_model_v1_artifact
28_005_002,NO2,2026-04-30T19:00:00,7.949432326747949,24,hist_gradient_boosting_v1,2026-05-13T23:13:33.355350,good,local_model_v1_artifact
28_006_004,NO2,2026-04-29T20:00:00,14.052547339768733,1,hist_gradient_boosting_v1,2026-05-13T23:13:33.355350,good,local_model_v1_artifact
28_006_004,NO2,2026-04-29T21:00:00,14.470659173217104,2,hist_gradient_boosting_v1,2026-05-13T23:13:33.355350,good,local_model_v1_artifact
28_006_004,NO2,2026-04-29T22:00:00,12.451670613734969,3,hist_gradient_boosting_v1,2026-05-13T23:13:33.355350,good,local_model_v1_artifact
28_006_004,NO2,2026-04-29T23:00:00,10.947004162225866,4,hist_gradient_boosting_v1,2026-05-13T23:13:33.355350,good,local_model_v1_artifact
28_006_004,NO2,2026-04-30T00:00:00,9.330995026437183,5,hist_gradient_boosting_v1,2026-05-13T23:13:33.355350,good,local_model_v1_artifact
28_006_004,NO2,2026-04-30T01:00:00,8.03663791814774,6,hist_gradient_boosting_v1,2026-05-13T23:13:33.355350,good,local_model_v1_artifact
28_006_004,NO2,2026-04-30T02:00:00,8.727526136942053,7,hist_gradient_boosting_v1,2026-05-13T23:13:33.355350,good,local_model_v1_artifact
28_006_004,NO2,2026-04-30T03:00:00,9.626467774078037,8,hist_gradient_boosting_v1,2026-05-13T23:13:33.355350,good,local_model_v1_artifact
28_006_004,NO2,2026-04-30T04:00:00,14.63519494361936,9,hist_gradient_boosting_v1,2026-05-13T23:13:33.355350,good,local_model_v1_artifact
28_006_004,NO2,2026-04-30T05:00:00,19.119613100513664,10,hist_gradient_boosting_v1,2026-05-13T23:13:33.355350,good,local_model_v1_artifact
28_006_004,NO2,2026-04-30T06:00:00,21.956624466283664,11,hist_gradient_boosting_v1,2026-05-13T23:13:33.355350,good,local_model_v1_artifact
28_006_004,NO2,2026-04-30T07:00:00,19.71032387592815,12,hist_gradient_boosting_v1,2026-05-13T23:13:33.355350,good,local_model_v1_artifact
28_006_004,NO2,2026-04-30T08:00:00,14.898646499220813,13,hist_gradient_boosting_v1,2026-05-13T23:13:33.355350,good,local_model_v1_artifact
28_006_004,NO2,2026-04-30T09:00:00,11.798067893349828,14,hist_gradient_boosting_v1,2026-05-13T23:13:33.355350,good,local_model_v1_artifact
28_006_004,NO2,2026-04-30T10:00:00,8.761463817930823,15,hist_gradient_boosting_v1,2026-05-13T23:13:33.355350,good,local_model_v1_artifact
28_006_004,NO2,2026-04-30T11:00:00,8.625710683749414,16,hist_gradient_boosting_v1,2026-05-13T23:13:33.355350,good,local_model_v1_artifact
28_006_004,NO2,2026-04-30T12:00:00,8.117958950394073,17,hist_gradient_boosting_v1,2026-05-13T23:13:33.355350,good,local_model_v1_artifact
28_006_004,NO2,2026-04-30T13:00:00,8.067988138376755,18,hist_gradient_boosting_v1,2026-05-13T23:13:33.355350,good,local_model_v1_artifact
28_006_004,NO2,2026-04-30T14:00:00,7.954952323513233,19,hist_gradient_boosting_v1,2026-05-13T23:13:33.355350,good,local_model_v1_artifact
28_006_004,NO2,2026-04-30T15:00:00,8.70510468378686,20,hist_gradient_boosting_v1,2026-05-13T23:13:33.355350,good,local_model_v1_artifact
28_006_004,NO2,2026-04-30T16:00:00,9.303313661155057,21,hist_gradient_boosting_v1,2026-05-13T23:13:33.355350,good,local_model_v1_artifact
28_006_004,NO2,2026-04-30T17:00:00,10.6143806301297,22,hist_gradient_boosting_v1,2026-05-13T23:13:33.355350,good,local_model_v1_artifact
28_006_004,NO2,2026-04-30T18:00:00,14.623686682338246,23,hist_gradient_boosting_v1,2026-05-13T23:13:33.355350,good,local_model_v1_artifact
28_006_004,NO2,2026-04-30T19:00:00,16.994456143047525,24,hist_gradient_boosting_v1,2026-05-13T23:13:33.355350,good,local_model_v1_artifact
28_007_004,NO2,2026-04-29T20:00:00,10.13848955785546,1,hist_gradient_boosting_v1,2026-05-13T23:13:33.355350,good,local_model_v1_artifact
28_007_004,NO2,2026-04-29T21:00:00,9.978218042299739,2,hist_gradient_boosting_v1,2026-05-13T23:13:33.355350,good,local_model_v1_artifact
28_007_004,NO2,2026-04-29T22:00:00,9.325710698459268,3,hist_gradient_boosting_v1,2026-05-13T23:13:33.355350,good,local_model_v1_artifact
28_007_004,NO2,2026-04-29T23:00:00,7.409383100341341,4,hist_gradient_boosting_v1,2026-05-13T23:13:33.355350,good,local_model_v1_artifact
28_007_004,NO2,2026-04-30T00:00:00,6.6683318458171215,5,hist_gradient_boosting_v1,2026-05-13T23:13:33.355350,good,local_model_v1_artifact
28_007_004,NO2,2026-04-30T01:00:00,7.085341262737133,6,hist_gradient_boosting_v1,2026-05-13T23:13:33.355350,good,local_model_v1_artifact
28_007_004,NO2,2026-04-30T02:00:00,7.046447003760625,7,hist_gradient_boosting_v1,2026-05-13T23:13:33.355350,good,local_model_v1_artifact
28_007_004,NO2,2026-04-30T03:00:00,7.965914346828198,8,hist_gradient_boosting_v1,2026-05-13T23:13:33.355350,good,local_model_v1_artifact
28_007_004,NO2,2026-04-30T04:00:00,10.436595739154233,9,hist_gradient_boosting_v1,2026-05-13T23:13:33.355350,good,local_model_v1_artifact
28_007_004,NO2,2026-04-30T05:00:00,14.808345566131466,10,hist_gradient_boosting_v1,2026-05-13T23:13:33.355350,good,local_model_v1_artifact
28_007_004,NO2,2026-04-30T06:00:00,16.70168619356074,11,hist_gradient_boosting_v1,2026-05-13T23:13:33.355350,good,local_model_v1_artifact
28_007_004,NO2,2026-04-30T07:00:00,16.121302894843286,12,hist_gradient_boosting_v1,2026-05-13T23:13:33.355350,good,local_model_v1_artifact
28_007_004,NO2,2026-04-30T08:00:00,11.546915057721067,13,hist_gradient_boosting_v1,2026-05-13T23:13:33.355350,good,local_model_v1_artifact
28_007_004,NO2,2026-04-30T09:00:00,9.62935176890838,14,hist_gradient_boosting_v1,2026-05-13T23:13:33.355350,good,local_model_v1_artifact
28_007_004,NO2,2026-04-30T10:00:00,7.649793330402594,15,hist_gradient_boosting_v1,2026-05-13T23:13:33.355350,good,local_model_v1_artifact
28_007_004,NO2,2026-04-30T11:00:00,6.9453161339044565,16,hist_gradient_boosting_v1,2026-05-13T23:13:33.355350,good,local_model_v1_artifact
28_007_004,NO2,2026-04-30T12:00:00,5.915961878230449,17,hist_gradient_boosting_v1,2026-05-13T23:13:33.355350,good,local_model_v1_artifact
28_007_004,NO2,2026-04-30T13:00:00,5.535344529528133,18,hist_gradient_boosting_v1,2026-05-13T23:13:33.355350,good,local_model_v1_artifact
28_007_004,NO2,2026-04-30T14:00:00,5.4386358832927115,19,hist_gradient_boosting_v1,2026-05-13T23:13:33.355350,good,local_model_v1_artifact
28_007_004,NO2,2026-04-30T15:00:00,5.891148894331604,20,hist_gradient_boosting_v1,2026-05-13T23:13:33.355350,good,local_model_v1_artifact
28_007_004,NO2,2026-04-30T16:00:00,6.309115020564549,21,hist_gradient_boosting_v1,2026-05-13T23:13:33.355350,good,local_model_v1_artifact
28_007_004,NO2,2026-04-30T17:00:00,7.1528018653465795,22,hist_gradient_boosting_v1,2026-05-13T23:13:33.355350,good,local_model_v1_artifact
28_007_004,NO2,2026-04-30T18:00:00,10.389659253043353,23,hist_gradient_boosting_v1,2026-05-13T23:13:33.355350,good,local_model_v1_artifact
28_007_004,NO2,2026-04-30T19:00:00,12.120180638165191,24,hist_gradient_boosting_v1,2026-05-13T23:13:33.355350,good,local_model_v1_artifact
28_009_001,NO2,2026-04-29T19:00:00,11.787517135455886,1,hist_gradient_boosting_v1,2026-05-13T23:13:33.355350,good,local_model_v1_artifact
28_009_001,NO2,2026-04-29T20:00:00,14.044798378154091,2,hist_gradient_boosting_v1,2026-05-13T23:13:33.355350,good,local_model_v1_artifact
28_009_001,NO2,2026-04-29T21:00:00,12.215156181147275,3,hist_gradient_boosting_v1,2026-05-13T23:13:33.355350,good,local_model_v1_artifact
28_009_001,NO2,2026-04-29T22:00:00,9.239223966679976,4,hist_gradient_boosting_v1,2026-05-13T23:13:33.355350,good,local_model_v1_artifact
28_009_001,NO2,2026-04-29T23:00:00,7.051704828745612,5,hist_gradient_boosting_v1,2026-05-13T23:13:33.355350,good,local_model_v1_artifact
28_009_001,NO2,2026-04-30T00:00:00,4.967615945391299,6,hist_gradient_boosting_v1,2026-05-13T23:13:33.355350,good,local_model_v1_artifact
28_009_001,NO2,2026-04-30T01:00:00,4.7466776910196735,7,hist_gradient_boosting_v1,2026-05-13T23:13:33.355350,good,local_model_v1_artifact
28_009_001,NO2,2026-04-30T02:00:00,5.225125629892614,8,hist_gradient_boosting_v1,2026-05-13T23:13:33.355350,good,local_model_v1_artifact
28_009_001,NO2,2026-04-30T03:00:00,5.264323438126876,9,hist_gradient_boosting_v1,2026-05-13T23:13:33.355350,good,local_model_v1_artifact
28_009_001,NO2,2026-04-30T04:00:00,6.375413012032567,10,hist_gradient_boosting_v1,2026-05-13T23:13:33.355350,good,local_model_v1_artifact
28_009_001,NO2,2026-04-30T05:00:00,13.347720238718884,11,hist_gradient_boosting_v1,2026-05-13T23:13:33.355350,good,local_model_v1_artifact
28_009_001,NO2,2026-04-30T06:00:00,15.808879668110407,12,hist_gradient_boosting_v1,2026-05-13T23:13:33.355350,good,local_model_v1_artifact
28_009_001,NO2,2026-04-30T07:00:00,14.525047821953441,13,hist_gradient_boosting_v1,2026-05-13T23:13:33.355350,good,local_model_v1_artifact
28_009_001,NO2,2026-04-30T08:00:00,10.26719094480977,14,hist_gradient_boosting_v1,2026-05-13T23:13:33.355350,good,local_model_v1_artifact
28_009_001,NO2,2026-04-30T09:00:00,7.918122194244149,15,hist_gradient_boosting_v1,2026-05-13T23:13:33.355350,good,local_model_v1_artifact
28_009_001,NO2,2026-04-30T10:00:00,6.7942146902621765,16,hist_gradient_boosting_v1,2026-05-13T23:13:33.355350,good,local_model_v1_artifact
28_009_001,NO2,2026-04-30T11:00:00,6.800572012265994,17,hist_gradient_boosting_v1,2026-05-13T23:13:33.355350,good,local_model_v1_artifact
28_009_001,NO2,2026-04-30T12:00:00,6.603304851612351,18,hist_gradient_boosting_v1,2026-05-13T23:13:33.355350,good,local_model_v1_artifact
28_009_001,NO2,2026-04-30T13:00:00,7.099222667839754,19,hist_gradient_boosting_v1,2026-05-13T23:13:33.355350,good,local_model_v1_artifact
28_009_001,NO2,2026-04-30T14:00:00,7.206684999076481,20,hist_gradient_boosting_v1,2026-05-13T23:13:33.355350,good,local_model_v1_artifact
28_009_001,NO2,2026-04-30T15:00:00,8.169148756130108,21,hist_gradient_boosting_v1,2026-05-13T23:13:33.355350,good,local_model_v1_artifact
28_009_001,NO2,2026-04-30T16:00:00,8.416908687210222,22,hist_gradient_boosting_v1,2026-05-13T23:13:33.355350,good,local_model_v1_artifact
28_009_001,NO2,2026-04-30T17:00:00,10.639665600112618,23,hist_gradient_boosting_v1,2026-05-13T23:13:33.355350,good,local_model_v1_artifact
28_009_001,NO2,2026-04-30T18:00:00,13.03916159623562,24,hist_gradient_boosting_v1,2026-05-13T23:13:33.355350,good,local_model_v1_artifact
28_013_002,NO2,2026-04-29T20:00:00,10.86486805693738,1,hist_gradient_boosting_v1,2026-05-13T23:13:33.355350,good,local_model_v1_artifact
28_013_002,NO2,2026-04-29T21:00:00,8.95767320287765,2,hist_gradient_boosting_v1,2026-05-13T23:13:33.355350,good,local_model_v1_artifact
28_013_002,NO2,2026-04-29T22:00:00,7.3998456432907815,3,hist_gradient_boosting_v1,2026-05-13T23:13:33.355350,good,local_model_v1_artifact
28_013_002,NO2,2026-04-29T23:00:00,6.151577480661703,4,hist_gradient_boosting_v1,2026-05-13T23:13:33.355350,good,local_model_v1_artifact
28_013_002,NO2,2026-04-30T00:00:00,5.493316401688146,5,hist_gradient_boosting_v1,2026-05-13T23:13:33.355350,good,local_model_v1_artifact
28_013_002,NO2,2026-04-30T01:00:00,4.772850485647622,6,hist_gradient_boosting_v1,2026-05-13T23:13:33.355350,good,local_model_v1_artifact
28_013_002,NO2,2026-04-30T02:00:00,4.853034898553288,7,hist_gradient_boosting_v1,2026-05-13T23:13:33.355350,good,local_model_v1_artifact
28_013_002,NO2,2026-04-30T03:00:00,5.216558818594738,8,hist_gradient_boosting_v1,2026-05-13T23:13:33.355350,good,local_model_v1_artifact
28_013_002,NO2,2026-04-30T04:00:00,6.346827781904418,9,hist_gradient_boosting_v1,2026-05-13T23:13:33.355350,good,local_model_v1_artifact
28_013_002,NO2,2026-04-30T05:00:00,8.849326424057836,10,hist_gradient_boosting_v1,2026-05-13T23:13:33.355350,good,local_model_v1_artifact
28_013_002,NO2,2026-04-30T06:00:00,10.155406226005589,11,hist_gradient_boosting_v1,2026-05-13T23:13:33.355350,good,local_model_v1_artifact
28_013_002,NO2,2026-04-30T07:00:00,8.12666971432539,12,hist_gradient_boosting_v1,2026-05-13T23:13:33.355350,good,local_model_v1_artifact
28_013_002,NO2,2026-04-30T08:00:00,6.9050787469610375,13,hist_gradient_boosting_v1,2026-05-13T23:13:33.355350,good,local_model_v1_artifact
28_013_002,NO2,2026-04-30T09:00:00,4.693026993627611,14,hist_gradient_boosting_v1,2026-05-13T23:13:33.355350,good,local_model_v1_artifact
28_013_002,NO2,2026-04-30T10:00:00,4.563837581669089,15,hist_gradient_boosting_v1,2026-05-13T23:13:33.355350,good,local_model_v1_artifact
28_013_002,NO2,2026-04-30T11:00:00,4.339508532283477,16,hist_gradient_boosting_v1,2026-05-13T23:13:33.355350,good,local_model_v1_artifact
28_013_002,NO2,2026-04-30T12:00:00,4.355790663284924,17,hist_gradient_boosting_v1,2026-05-13T23:13:33.355350,good,local_model_v1_artifact
28_013_002,NO2,2026-04-30T13:00:00,4.585129563040264,18,hist_gradient_boosting_v1,2026-05-13T23:13:33.355350,good,local_model_v1_artifact
28_013_002,NO2,2026-04-30T14:00:00,4.573895182247557,19,hist_gradient_boosting_v1,2026-05-13T23:13:33.355350,good,local_model_v1_artifact
28_013_002,NO2,2026-04-30T15:00:00,4.961720743263976,20,hist_gradient_boosting_v1,2026-05-13T23:13:33.355350,good,local_model_v1_artifact
28_013_002,NO2,2026-04-30T16:00:00,5.6041584077997895,21,hist_gradient_boosting_v1,2026-05-13T23:13:33.355350,good,local_model_v1_artifact
28_013_002,NO2,2026-04-30T17:00:00,6.320470403731036,22,hist_gradient_boosting_v1,2026-05-13T23:13:33.355350,good,local_model_v1_artifact
28_013_002,NO2,2026-04-30T18:00:00,8.040443090226699,23,hist_gradient_boosting_v1,2026-05-13T23:13:33.355350,good,local_model_v1_artifact
28_013_002,NO2,2026-04-30T19:00:00,9.372047850552244,24,hist_gradient_boosting_v1,2026-05-13T23:13:33.355350,good,local_model_v1_artifact
28_014_002,NO2,2026-04-29T17:00:00,6.557704907627079,1,hist_gradient_boosting_v1,2026-05-13T23:13:33.355350,good,local_model_v1_artifact
28_014_002,NO2,2026-04-29T18:00:00,7.258348110005611,2,hist_gradient_boosting_v1,2026-05-13T23:13:33.355350,good,local_model_v1_artifact
28_014_002,NO2,2026-04-29T19:00:00,10.105763952526125,3,hist_gradient_boosting_v1,2026-05-13T23:13:33.355350,good,local_model_v1_artifact
28_014_002,NO2,2026-04-29T20:00:00,10.395911334822987,4,hist_gradient_boosting_v1,2026-05-13T23:13:33.355350,good,local_model_v1_artifact
28_014_002,NO2,2026-04-29T21:00:00,9.07379947855858,5,hist_gradient_boosting_v1,2026-05-13T23:13:33.355350,good,local_model_v1_artifact
28_014_002,NO2,2026-04-29T22:00:00,7.263112126414224,6,hist_gradient_boosting_v1,2026-05-13T23:13:33.355350,good,local_model_v1_artifact
28_014_002,NO2,2026-04-29T23:00:00,6.211876956776926,7,hist_gradient_boosting_v1,2026-05-13T23:13:33.355350,good,local_model_v1_artifact
28_014_002,NO2,2026-04-30T00:00:00,5.888731791373109,8,hist_gradient_boosting_v1,2026-05-13T23:13:33.355350,good,local_model_v1_artifact
28_014_002,NO2,2026-04-30T01:00:00,5.52956255015772,9,hist_gradient_boosting_v1,2026-05-13T23:13:33.355350,good,local_model_v1_artifact
28_014_002,NO2,2026-04-30T02:00:00,5.132675891883192,10,hist_gradient_boosting_v1,2026-05-13T23:13:33.355350,good,local_model_v1_artifact
28_014_002,NO2,2026-04-30T03:00:00,5.026730022446954,11,hist_gradient_boosting_v1,2026-05-13T23:13:33.355350,good,local_model_v1_artifact
28_014_002,NO2,2026-04-30T04:00:00,6.471337108510535,12,hist_gradient_boosting_v1,2026-05-13T23:13:33.355350,good,local_model_v1_artifact
28_014_002,NO2,2026-04-30T05:00:00,10.104103732726328,13,hist_gradient_boosting_v1,2026-05-13T23:13:33.355350,good,local_model_v1_artifact
28_014_002,NO2,2026-04-30T06:00:00,11.384219717298864,14,hist_gradient_boosting_v1,2026-05-13T23:13:33.355350,good,local_model_v1_artifact
28_014_002,NO2,2026-04-30T07:00:00,10.625459038933851,15,hist_gradient_boosting_v1,2026-05-13T23:13:33.355350,good,local_model_v1_artifact
28_014_002,NO2,2026-04-30T08:00:00,8.796694291942703,16,hist_gradient_boosting_v1,2026-05-13T23:13:33.355350,good,local_model_v1_artifact
28_014_002,NO2,2026-04-30T09:00:00,6.597460661157678,17,hist_gradient_boosting_v1,2026-05-13T23:13:33.355350,good,local_model_v1_artifact
28_014_002,NO2,2026-04-30T10:00:00,5.908295552669397,18,hist_gradient_boosting_v1,2026-05-13T23:13:33.355350,good,local_model_v1_artifact
28_014_002,NO2,2026-04-30T11:00:00,5.820240145069389,19,hist_gradient_boosting_v1,2026-05-13T23:13:33.355350,good,local_model_v1_artifact
28_014_002,NO2,2026-04-30T12:00:00,5.349213517650732,20,hist_gradient_boosting_v1,2026-05-13T23:13:33.355350,good,local_model_v1_artifact
28_014_002,NO2,2026-04-30T13:00:00,5.084232419981495,21,hist_gradient_boosting_v1,2026-05-13T23:13:33.355350,good,local_model_v1_artifact
28_014_002,NO2,2026-04-30T14:00:00,5.098716167422973,22,hist_gradient_boosting_v1,2026-05-13T23:13:33.355350,good,local_model_v1_artifact
28_014_002,NO2,2026-04-30T15:00:00,5.2112327720663485,23,hist_gradient_boosting_v1,2026-05-13T23:13:33.355350,good,local_model_v1_artifact
28_014_002,NO2,2026-04-30T16:00:00,5.576374288288279,24,hist_gradient_boosting_v1,2026-05-13T23:13:33.355350,good,local_model_v1_artifact
28_016_001,NO2,2026-04-29T20:00:00,1.9162268144636039,1,hist_gradient_boosting_v1,2026-05-13T23:13:33.355350,good,local_model_v1_artifact
28_016_001,NO2,2026-04-29T21:00:00,1.9546981439763866,2,hist_gradient_boosting_v1,2026-05-13T23:13:33.355350,good,local_model_v1_artifact
28_016_001,NO2,2026-04-29T22:00:00,2.038919558128671,3,hist_gradient_boosting_v1,2026-05-13T23:13:33.355350,good,local_model_v1_artifact
28_016_001,NO2,2026-04-29T23:00:00,2.6444806269350294,4,hist_gradient_boosting_v1,2026-05-13T23:13:33.355350,good,local_model_v1_artifact
28_016_001,NO2,2026-04-30T00:00:00,1.9075391730881905,5,hist_gradient_boosting_v1,2026-05-13T23:13:33.355350,good,local_model_v1_artifact
28_016_001,NO2,2026-04-30T01:00:00,1.890473600189157,6,hist_gradient_boosting_v1,2026-05-13T23:13:33.355350,good,local_model_v1_artifact
28_016_001,NO2,2026-04-30T02:00:00,1.6820599203950417,7,hist_gradient_boosting_v1,2026-05-13T23:13:33.355350,good,local_model_v1_artifact
28_016_001,NO2,2026-04-30T03:00:00,1.7934618179249824,8,hist_gradient_boosting_v1,2026-05-13T23:13:33.355350,good,local_model_v1_artifact
28_016_001,NO2,2026-04-30T04:00:00,3.3057563468133035,9,hist_gradient_boosting_v1,2026-05-13T23:13:33.355350,good,local_model_v1_artifact
28_016_001,NO2,2026-04-30T05:00:00,3.8318959890063744,10,hist_gradient_boosting_v1,2026-05-13T23:13:33.355350,good,local_model_v1_artifact
28_016_001,NO2,2026-04-30T06:00:00,5.345529654700689,11,hist_gradient_boosting_v1,2026-05-13T23:13:33.355350,good,local_model_v1_artifact
28_016_001,NO2,2026-04-30T07:00:00,3.5786530180511114,12,hist_gradient_boosting_v1,2026-05-13T23:13:33.355350,good,local_model_v1_artifact
28_016_001,NO2,2026-04-30T08:00:00,2.985291892844341,13,hist_gradient_boosting_v1,2026-05-13T23:13:33.355350,good,local_model_v1_artifact
28_016_001,NO2,2026-04-30T09:00:00,3.15647494990647,14,hist_gradient_boosting_v1,2026-05-13T23:13:33.355350,good,local_model_v1_artifact
28_016_001,NO2,2026-04-30T10:00:00,3.149555949500946,15,hist_gradient_boosting_v1,2026-05-13T23:13:33.355350,good,local_model_v1_artifact
28_016_001,NO2,2026-04-30T11:00:00,2.991623715505175,16,hist_gradient_boosting_v1,2026-05-13T23:13:33.355350,good,local_model_v1_artifact
28_016_001,NO2,2026-04-30T12:00:00,2.5943767160626097,17,hist_gradient_boosting_v1,2026-05-13T23:13:33.355350,good,local_model_v1_artifact
28_016_001,NO2,2026-04-30T13:00:00,2.502347151570105,18,hist_gradient_boosting_v1,2026-05-13T23:13:33.355350,good,local_model_v1_artifact
28_016_001,NO2,2026-04-30T14:00:00,2.5242090624068254,19,hist_gradient_boosting_v1,2026-05-13T23:13:33.355350,good,local_model_v1_artifact
28_016_001,NO2,2026-04-30T15:00:00,2.337410111372946,20,hist_gradient_boosting_v1,2026-05-13T23:13:33.355350,good,local_model_v1_artifact
28_016_001,NO2,2026-04-30T16:00:00,3.044928594878198,21,hist_gradient_boosting_v1,2026-05-13T23:13:33.355350,good,local_model_v1_artifact
28_016_001,NO2,2026-04-30T17:00:00,2.991931608288058,22,hist_gradient_boosting_v1,2026-05-13T23:13:33.355350,good,local_model_v1_artifact
28_016_001,NO2,2026-04-30T18:00:00,2.611896376713999,23,hist_gradient_boosting_v1,2026-05-13T23:13:33.355350,good,local_model_v1_artifact
28_016_001,NO2,2026-04-30T19:00:00,2.765195402995572,24,hist_gradient_boosting_v1,2026-05-13T23:13:33.355350,good,local_model_v1_artifact
28_045_002,NO2,2026-04-29T16:00:00,10.777656548032065,1,hist_gradient_boosting_v1,2026-05-13T23:13:33.355350,good,local_model_v1_artifact
28_045_002,NO2,2026-04-29T17:00:00,13.372966057046785,2,hist_gradient_boosting_v1,2026-05-13T23:13:33.355350,good,local_model_v1_artifact
28_045_002,NO2,2026-04-29T18:00:00,17.00615272167874,3,hist_gradient_boosting_v1,2026-05-13T23:13:33.355350,good,local_model_v1_artifact
28_045_002,NO2,2026-04-29T19:00:00,17.845053174311037,4,hist_gradient_boosting_v1,2026-05-13T23:13:33.355350,good,local_model_v1_artifact
28_045_002,NO2,2026-04-29T20:00:00,17.964892742817632,5,hist_gradient_boosting_v1,2026-05-13T23:13:33.355350,good,local_model_v1_artifact
28_045_002,NO2,2026-04-29T21:00:00,15.49522572495185,6,hist_gradient_boosting_v1,2026-05-13T23:13:33.355350,good,local_model_v1_artifact
28_045_002,NO2,2026-04-29T22:00:00,11.221431041467957,7,hist_gradient_boosting_v1,2026-05-13T23:13:33.355350,good,local_model_v1_artifact
28_045_002,NO2,2026-04-29T23:00:00,9.554055029155835,8,hist_gradient_boosting_v1,2026-05-13T23:13:33.355350,good,local_model_v1_artifact
28_045_002,NO2,2026-04-30T00:00:00,8.60614105305132,9,hist_gradient_boosting_v1,2026-05-13T23:13:33.355350,good,local_model_v1_artifact
28_045_002,NO2,2026-04-30T01:00:00,5.8919217766215,10,hist_gradient_boosting_v1,2026-05-13T23:13:33.355350,good,local_model_v1_artifact
28_045_002,NO2,2026-04-30T02:00:00,6.699827643527911,11,hist_gradient_boosting_v1,2026-05-13T23:13:33.355350,good,local_model_v1_artifact
28_045_002,NO2,2026-04-30T03:00:00,6.697412384816795,12,hist_gradient_boosting_v1,2026-05-13T23:13:33.355350,good,local_model_v1_artifact
28_045_002,NO2,2026-04-30T04:00:00,13.477246755162763,13,hist_gradient_boosting_v1,2026-05-13T23:13:33.355350,good,local_model_v1_artifact
28_045_002,NO2,2026-04-30T05:00:00,22.581927931414292,14,hist_gradient_boosting_v1,2026-05-13T23:13:33.355350,good,local_model_v1_artifact
28_045_002,NO2,2026-04-30T06:00:00,24.925223534078764,15,hist_gradient_boosting_v1,2026-05-13T23:13:33.355350,good,local_model_v1_artifact
28_045_002,NO2,2026-04-30T07:00:00,24.582870316442303,16,hist_gradient_boosting_v1,2026-05-13T23:13:33.355350,good,local_model_v1_artifact
28_045_002,NO2,2026-04-30T08:00:00,19.762250264809182,17,hist_gradient_boosting_v1,2026-05-13T23:13:33.355350,good,local_model_v1_artifact
28_045_002,NO2,2026-04-30T09:00:00,15.358993910497265,18,hist_gradient_boosting_v1,2026-05-13T23:13:33.355350,good,local_model_v1_artifact
28_045_002,NO2,2026-04-30T10:00:00,14.596575861642247,19,hist_gradient_boosting_v1,2026-05-13T23:13:33.355350,good,local_model_v1_artifact
28_045_002,NO2,2026-04-30T11:00:00,11.124185496938978,20,hist_gradient_boosting_v1,2026-05-13T23:13:33.355350,good,local_model_v1_artifact
28_045_002,NO2,2026-04-30T12:00:00,10.139035209579493,21,hist_gradient_boosting_v1,2026-05-13T23:13:33.355350,good,local_model_v1_artifact
28_045_002,NO2,2026-04-30T13:00:00,10.069868741035407,22,hist_gradient_boosting_v1,2026-05-13T23:13:33.355350,good,local_model_v1_artifact
28_045_002,NO2,2026-04-30T14:00:00,9.33205799930774,23,hist_gradient_boosting_v1,2026-05-13T23:13:33.355350,good,local_model_v1_artifact
28_045_002,NO2,2026-04-30T15:00:00,9.551651180641457,24,hist_gradient_boosting_v1,2026-05-13T23:13:33.355350,good,local_model_v1_artifact
28_047_002,NO2,2026-04-29T18:00:00,15.937903963901318,1,hist_gradient_boosting_v1,2026-05-13T23:13:33.355350,good,local_model_v1_artifact
28_047_002,NO2,2026-04-29T19:00:00,17.998987941434887,2,hist_gradient_boosting_v1,2026-05-13T23:13:33.355350,good,local_model_v1_artifact
28_047_002,NO2,2026-04-29T20:00:00,16.86189811002346,3,hist_gradient_boosting_v1,2026-05-13T23:13:33.355350,good,local_model_v1_artifact
28_047_002,NO2,2026-04-29T21:00:00,13.362835555349506,4,hist_gradient_boosting_v1,2026-05-13T23:13:33.355350,good,local_model_v1_artifact
28_047_002,NO2,2026-04-29T22:00:00,9.899127736043305,5,hist_gradient_boosting_v1,2026-05-13T23:13:33.355350,good,local_model_v1_artifact
28_047_002,NO2,2026-04-29T23:00:00,9.18197266423151,6,hist_gradient_boosting_v1,2026-05-13T23:13:33.355350,good,local_model_v1_artifact
28_047_002,NO2,2026-04-30T00:00:00,8.199413762533712,7,hist_gradient_boosting_v1,2026-05-13T23:13:33.355350,good,local_model_v1_artifact
28_047_002,NO2,2026-04-30T01:00:00,7.704992766777903,8,hist_gradient_boosting_v1,2026-05-13T23:13:33.355350,good,local_model_v1_artifact
28_047_002,NO2,2026-04-30T02:00:00,7.515052894928919,9,hist_gradient_boosting_v1,2026-05-13T23:13:33.355350,good,local_model_v1_artifact
28_047_002,NO2,2026-04-30T03:00:00,8.153589187311502,10,hist_gradient_boosting_v1,2026-05-13T23:13:33.355350,good,local_model_v1_artifact
28_047_002,NO2,2026-04-30T04:00:00,11.941561752044885,11,hist_gradient_boosting_v1,2026-05-13T23:13:33.355350,good,local_model_v1_artifact
28_047_002,NO2,2026-04-30T05:00:00,17.639020066191037,12,hist_gradient_boosting_v1,2026-05-13T23:13:33.355350,good,local_model_v1_artifact
28_047_002,NO2,2026-04-30T06:00:00,18.088629186742025,13,hist_gradient_boosting_v1,2026-05-13T23:13:33.355350,good,local_model_v1_artifact
28_047_002,NO2,2026-04-30T07:00:00,17.311701678926617,14,hist_gradient_boosting_v1,2026-05-13T23:13:33.355350,good,local_model_v1_artifact
28_047_002,NO2,2026-04-30T08:00:00,13.381183622119872,15,hist_gradient_boosting_v1,2026-05-13T23:13:33.355350,good,local_model_v1_artifact
28_047_002,NO2,2026-04-30T09:00:00,8.21200162743193,16,hist_gradient_boosting_v1,2026-05-13T23:13:33.355350,good,local_model_v1_artifact
28_047_002,NO2,2026-04-30T10:00:00,7.037630322089061,17,hist_gradient_boosting_v1,2026-05-13T23:13:33.355350,good,local_model_v1_artifact
28_047_002,NO2,2026-04-30T11:00:00,6.331101697303189,18,hist_gradient_boosting_v1,2026-05-13T23:13:33.355350,good,local_model_v1_artifact
28_047_002,NO2,2026-04-30T12:00:00,6.6747110323917305,19,hist_gradient_boosting_v1,2026-05-13T23:13:33.355350,good,local_model_v1_artifact
28_047_002,NO2,2026-04-30T13:00:00,6.633751298690334,20,hist_gradient_boosting_v1,2026-05-13T23:13:33.355350,good,local_model_v1_artifact
28_047_002,NO2,2026-04-30T14:00:00,6.895729785844658,21,hist_gradient_boosting_v1,2026-05-13T23:13:33.355350,good,local_model_v1_artifact
28_047_002,NO2,2026-04-30T15:00:00,7.99209652957273,22,hist_gradient_boosting_v1,2026-05-13T23:13:33.355350,good,local_model_v1_artifact
28_047_002,NO2,2026-04-30T16:00:00,9.120413987423689,23,hist_gradient_boosting_v1,2026-05-13T23:13:33.355350,good,local_model_v1_artifact
28_047_002,NO2,2026-04-30T17:00:00,10.567782978826584,24,hist_gradient_boosting_v1,2026-05-13T23:13:33.355350,good,local_model_v1_artifact
28_049_003,NO2,2026-04-29T20:00:00,9.916522473101944,1,hist_gradient_boosting_v1,2026-05-13T23:13:33.355350,good,local_model_v1_artifact
28_049_003,NO2,2026-04-29T21:00:00,9.71236000586815,2,hist_gradient_boosting_v1,2026-05-13T23:13:33.355350,good,local_model_v1_artifact
28_049_003,NO2,2026-04-29T22:00:00,9.711708539577264,3,hist_gradient_boosting_v1,2026-05-13T23:13:33.355350,good,local_model_v1_artifact
28_049_003,NO2,2026-04-29T23:00:00,8.229613796757773,4,hist_gradient_boosting_v1,2026-05-13T23:13:33.355350,good,local_model_v1_artifact
28_049_003,NO2,2026-04-30T00:00:00,8.361480610416848,5,hist_gradient_boosting_v1,2026-05-13T23:13:33.355350,good,local_model_v1_artifact
28_049_003,NO2,2026-04-30T01:00:00,9.512543235180253,6,hist_gradient_boosting_v1,2026-05-13T23:13:33.355350,good,local_model_v1_artifact
28_049_003,NO2,2026-04-30T02:00:00,9.965839733887735,7,hist_gradient_boosting_v1,2026-05-13T23:13:33.355350,good,local_model_v1_artifact
28_049_003,NO2,2026-04-30T03:00:00,9.895826611724287,8,hist_gradient_boosting_v1,2026-05-13T23:13:33.355350,good,local_model_v1_artifact
28_049_003,NO2,2026-04-30T04:00:00,14.806497938347482,9,hist_gradient_boosting_v1,2026-05-13T23:13:33.355350,good,local_model_v1_artifact
28_049_003,NO2,2026-04-30T05:00:00,20.048236479210058,10,hist_gradient_boosting_v1,2026-05-13T23:13:33.355350,good,local_model_v1_artifact
28_049_003,NO2,2026-04-30T06:00:00,23.459988619795677,11,hist_gradient_boosting_v1,2026-05-13T23:13:33.355350,good,local_model_v1_artifact
28_049_003,NO2,2026-04-30T07:00:00,23.46883511983432,12,hist_gradient_boosting_v1,2026-05-13T23:13:33.355350,good,local_model_v1_artifact
28_049_003,NO2,2026-04-30T08:00:00,14.975626890882053,13,hist_gradient_boosting_v1,2026-05-13T23:13:33.355350,good,local_model_v1_artifact
28_049_003,NO2,2026-04-30T09:00:00,12.900267496532539,14,hist_gradient_boosting_v1,2026-05-13T23:13:33.355350,good,local_model_v1_artifact
28_049_003,NO2,2026-04-30T10:00:00,10.719176319998597,15,hist_gradient_boosting_v1,2026-05-13T23:13:33.355350,good,local_model_v1_artifact
28_049_003,NO2,2026-04-30T11:00:00,9.142934756325925,16,hist_gradient_boosting_v1,2026-05-13T23:13:33.355350,good,local_model_v1_artifact
28_049_003,NO2,2026-04-30T12:00:00,7.046754999301354,17,hist_gradient_boosting_v1,2026-05-13T23:13:33.355350,good,local_model_v1_artifact
28_049_003,NO2,2026-04-30T13:00:00,6.8820817224668,18,hist_gradient_boosting_v1,2026-05-13T23:13:33.355350,good,local_model_v1_artifact
28_049_003,NO2,2026-04-30T14:00:00,7.019312763401004,19,hist_gradient_boosting_v1,2026-05-13T23:13:33.355350,good,local_model_v1_artifact
28_049_003,NO2,2026-04-30T15:00:00,6.82435176845783,20,hist_gradient_boosting_v1,2026-05-13T23:13:33.355350,good,local_model_v1_artifact
28_049_003,NO2,2026-04-30T16:00:00,7.358575922877064,21,hist_gradient_boosting_v1,2026-05-13T23:13:33.355350,good,local_model_v1_artifact
28_049_003,NO2,2026-04-30T17:00:00,8.2363768238394,22,hist_gradient_boosting_v1,2026-05-13T23:13:33.355350,good,local_model_v1_artifact
28_049_003,NO2,2026-04-30T18:00:00,12.944072327483912,23,hist_gradient_boosting_v1,2026-05-13T23:13:33.355350,good,local_model_v1_artifact
28_049_003,NO2,2026-04-30T19:00:00,14.779721633633129,24,hist_gradient_boosting_v1,2026-05-13T23:13:33.355350,good,local_model_v1_artifact
28_058_004,NO2,2026-04-29T17:00:00,7.805231315814463,1,hist_gradient_boosting_v1,2026-05-13T23:13:33.355350,good,local_model_v1_artifact
28_058_004,NO2,2026-04-29T18:00:00,11.063475501432972,2,hist_gradient_boosting_v1,2026-05-13T23:13:33.355350,good,local_model_v1_artifact
28_058_004,NO2,2026-04-29T19:00:00,16.12089071671093,3,hist_gradient_boosting_v1,2026-05-13T23:13:33.355350,good,local_model_v1_artifact
28_058_004,NO2,2026-04-29T20:00:00,18.852385984265602,4,hist_gradient_boosting_v1,2026-05-13T23:13:33.355350,good,local_model_v1_artifact
28_058_004,NO2,2026-04-29T21:00:00,17.25965799427959,5,hist_gradient_boosting_v1,2026-05-13T23:13:33.355350,good,local_model_v1_artifact
28_058_004,NO2,2026-04-29T22:00:00,13.856453797229564,6,hist_gradient_boosting_v1,2026-05-13T23:13:33.355350,good,local_model_v1_artifact
28_058_004,NO2,2026-04-29T23:00:00,10.81184957790067,7,hist_gradient_boosting_v1,2026-05-13T23:13:33.355350,good,local_model_v1_artifact
28_058_004,NO2,2026-04-30T00:00:00,9.475490255153133,8,hist_gradient_boosting_v1,2026-05-13T23:13:33.355350,good,local_model_v1_artifact
28_058_004,NO2,2026-04-30T01:00:00,8.968219307095504,9,hist_gradient_boosting_v1,2026-05-13T23:13:33.355350,good,local_model_v1_artifact
28_058_004,NO2,2026-04-30T02:00:00,8.605634237133618,10,hist_gradient_boosting_v1,2026-05-13T23:13:33.355350,good,local_model_v1_artifact
28_058_004,NO2,2026-04-30T03:00:00,9.420200483703017,11,hist_gradient_boosting_v1,2026-05-13T23:13:33.355350,good,local_model_v1_artifact
28_058_004,NO2,2026-04-30T04:00:00,15.1829738987065,12,hist_gradient_boosting_v1,2026-05-13T23:13:33.355350,good,local_model_v1_artifact
28_058_004,NO2,2026-04-30T05:00:00,22.65493494874754,13,hist_gradient_boosting_v1,2026-05-13T23:13:33.355350,good,local_model_v1_artifact
28_058_004,NO2,2026-04-30T06:00:00,26.40651160423414,14,hist_gradient_boosting_v1,2026-05-13T23:13:33.355350,good,local_model_v1_artifact
28_058_004,NO2,2026-04-30T07:00:00,24.617434309655806,15,hist_gradient_boosting_v1,2026-05-13T23:13:33.355350,good,local_model_v1_artifact
28_058_004,NO2,2026-04-30T08:00:00,17.738695530960346,16,hist_gradient_boosting_v1,2026-05-13T23:13:33.355350,good,local_model_v1_artifact
28_058_004,NO2,2026-04-30T09:00:00,11.890547715464393,17,hist_gradient_boosting_v1,2026-05-13T23:13:33.355350,good,local_model_v1_artifact
28_058_004,NO2,2026-04-30T10:00:00,9.791701623812846,18,hist_gradient_boosting_v1,2026-05-13T23:13:33.355350,good,local_model_v1_artifact
28_058_004,NO2,2026-04-30T11:00:00,7.870527915749943,19,hist_gradient_boosting_v1,2026-05-13T23:13:33.355350,good,local_model_v1_artifact
28_058_004,NO2,2026-04-30T12:00:00,7.028156713675342,20,hist_gradient_boosting_v1,2026-05-13T23:13:33.355350,good,local_model_v1_artifact
28_058_004,NO2,2026-04-30T13:00:00,6.493111335357632,21,hist_gradient_boosting_v1,2026-05-13T23:13:33.355350,good,local_model_v1_artifact
28_058_004,NO2,2026-04-30T14:00:00,6.429649907707052,22,hist_gradient_boosting_v1,2026-05-13T23:13:33.355350,good,local_model_v1_artifact
28_058_004,NO2,2026-04-30T15:00:00,6.654339936262024,23,hist_gradient_boosting_v1,2026-05-13T23:13:33.355350,good,local_model_v1_artifact
28_058_004,NO2,2026-04-30T16:00:00,7.720568966697625,24,hist_gradient_boosting_v1,2026-05-13T23:13:33.355350,good,local_model_v1_artifact
28_065_014,NO2,2026-04-29T20:00:00,12.3454019311486,1,hist_gradient_boosting_v1,2026-05-13T23:13:33.355350,good,local_model_v1_artifact
28_065_014,NO2,2026-04-29T21:00:00,10.211818160672214,2,hist_gradient_boosting_v1,2026-05-13T23:13:33.355350,good,local_model_v1_artifact
28_065_014,NO2,2026-04-29T22:00:00,10.588455620352038,3,hist_gradient_boosting_v1,2026-05-13T23:13:33.355350,good,local_model_v1_artifact
28_065_014,NO2,2026-04-29T23:00:00,9.322554510526341,4,hist_gradient_boosting_v1,2026-05-13T23:13:33.355350,good,local_model_v1_artifact
28_065_014,NO2,2026-04-30T00:00:00,8.850234189244322,5,hist_gradient_boosting_v1,2026-05-13T23:13:33.355350,good,local_model_v1_artifact
28_065_014,NO2,2026-04-30T01:00:00,9.450756232239856,6,hist_gradient_boosting_v1,2026-05-13T23:13:33.355350,good,local_model_v1_artifact
28_065_014,NO2,2026-04-30T02:00:00,10.087785608504808,7,hist_gradient_boosting_v1,2026-05-13T23:13:33.355350,good,local_model_v1_artifact
28_065_014,NO2,2026-04-30T03:00:00,10.443693639760658,8,hist_gradient_boosting_v1,2026-05-13T23:13:33.355350,good,local_model_v1_artifact
28_065_014,NO2,2026-04-30T04:00:00,16.473671954113797,9,hist_gradient_boosting_v1,2026-05-13T23:13:33.355350,good,local_model_v1_artifact
28_065_014,NO2,2026-04-30T05:00:00,22.62046640184327,10,hist_gradient_boosting_v1,2026-05-13T23:13:33.355350,good,local_model_v1_artifact
28_065_014,NO2,2026-04-30T06:00:00,25.311698598735067,11,hist_gradient_boosting_v1,2026-05-13T23:13:33.355350,good,local_model_v1_artifact
28_065_014,NO2,2026-04-30T07:00:00,23.96551243111157,12,hist_gradient_boosting_v1,2026-05-13T23:13:33.355350,good,local_model_v1_artifact
28_065_014,NO2,2026-04-30T08:00:00,15.105504293618031,13,hist_gradient_boosting_v1,2026-05-13T23:13:33.355350,good,local_model_v1_artifact
28_065_014,NO2,2026-04-30T09:00:00,11.56634890939503,14,hist_gradient_boosting_v1,2026-05-13T23:13:33.355350,good,local_model_v1_artifact
28_065_014,NO2,2026-04-30T10:00:00,9.470933320702356,15,hist_gradient_boosting_v1,2026-05-13T23:13:33.355350,good,local_model_v1_artifact
28_065_014,NO2,2026-04-30T11:00:00,8.597607846822642,16,hist_gradient_boosting_v1,2026-05-13T23:13:33.355350,good,local_model_v1_artifact
28_065_014,NO2,2026-04-30T12:00:00,7.254417532018325,17,hist_gradient_boosting_v1,2026-05-13T23:13:33.355350,good,local_model_v1_artifact
28_065_014,NO2,2026-04-30T13:00:00,7.673041344321169,18,hist_gradient_boosting_v1,2026-05-13T23:13:33.355350,good,local_model_v1_artifact
28_065_014,NO2,2026-04-30T14:00:00,8.100260525638728,19,hist_gradient_boosting_v1,2026-05-13T23:13:33.355350,good,local_model_v1_artifact
28_065_014,NO2,2026-04-30T15:00:00,8.245545637125847,20,hist_gradient_boosting_v1,2026-05-13T23:13:33.355350,good,local_model_v1_artifact
28_065_014,NO2,2026-04-30T16:00:00,9.829912784121165,21,hist_gradient_boosting_v1,2026-05-13T23:13:33.355350,good,local_model_v1_artifact
28_065_014,NO2,2026-04-30T17:00:00,11.059377602111683,22,hist_gradient_boosting_v1,2026-05-13T23:13:33.355350,good,local_model_v1_artifact
28_065_014,NO2,2026-04-30T18:00:00,14.774347180183543,23,hist_gradient_boosting_v1,2026-05-13T23:13:33.355350,good,local_model_v1_artifact
28_065_014,NO2,2026-04-30T19:00:00,18.453351485898363,24,hist_gradient_boosting_v1,2026-05-13T23:13:33.355350,good,local_model_v1_artifact
28_067_001,NO2,2026-04-29T20:00:00,6.688077524698283,1,hist_gradient_boosting_v1,2026-05-13T23:13:33.355350,good,local_model_v1_artifact
28_067_001,NO2,2026-04-29T21:00:00,6.800309886606913,2,hist_gradient_boosting_v1,2026-05-13T23:13:33.355350,good,local_model_v1_artifact
28_067_001,NO2,2026-04-29T22:00:00,5.202270931711829,3,hist_gradient_boosting_v1,2026-05-13T23:13:33.355350,good,local_model_v1_artifact
28_067_001,NO2,2026-04-29T23:00:00,5.827244218998307,4,hist_gradient_boosting_v1,2026-05-13T23:13:33.355350,good,local_model_v1_artifact
28_067_001,NO2,2026-04-30T00:00:00,4.384697010914015,5,hist_gradient_boosting_v1,2026-05-13T23:13:33.355350,good,local_model_v1_artifact
28_067_001,NO2,2026-04-30T01:00:00,3.7552709863861296,6,hist_gradient_boosting_v1,2026-05-13T23:13:33.355350,good,local_model_v1_artifact
28_067_001,NO2,2026-04-30T02:00:00,4.606359966652505,7,hist_gradient_boosting_v1,2026-05-13T23:13:33.355350,good,local_model_v1_artifact
28_067_001,NO2,2026-04-30T03:00:00,5.0511942808682315,8,hist_gradient_boosting_v1,2026-05-13T23:13:33.355350,good,local_model_v1_artifact
28_067_001,NO2,2026-04-30T04:00:00,6.139409021584081,9,hist_gradient_boosting_v1,2026-05-13T23:13:33.355350,good,local_model_v1_artifact
28_067_001,NO2,2026-04-30T05:00:00,7.676422889662364,10,hist_gradient_boosting_v1,2026-05-13T23:13:33.355350,good,local_model_v1_artifact
28_067_001,NO2,2026-04-30T06:00:00,10.018309818881418,11,hist_gradient_boosting_v1,2026-05-13T23:13:33.355350,good,local_model_v1_artifact
28_067_001,NO2,2026-04-30T07:00:00,9.996593012420533,12,hist_gradient_boosting_v1,2026-05-13T23:13:33.355350,good,local_model_v1_artifact
28_067_001,NO2,2026-04-30T08:00:00,5.373360498531383,13,hist_gradient_boosting_v1,2026-05-13T23:13:33.355350,good,local_model_v1_artifact
28_067_001,NO2,2026-04-30T09:00:00,3.511106808900034,14,hist_gradient_boosting_v1,2026-05-13T23:13:33.355350,good,local_model_v1_artifact
28_067_001,NO2,2026-04-30T10:00:00,4.109679046866741,15,hist_gradient_boosting_v1,2026-05-13T23:13:33.355350,good,local_model_v1_artifact
28_067_001,NO2,2026-04-30T11:00:00,3.999145112785409,16,hist_gradient_boosting_v1,2026-05-13T23:13:33.355350,good,local_model_v1_artifact
28_067_001,NO2,2026-04-30T12:00:00,4.060846247209857,17,hist_gradient_boosting_v1,2026-05-13T23:13:33.355350,good,local_model_v1_artifact
28_067_001,NO2,2026-04-30T13:00:00,3.7434250143510734,18,hist_gradient_boosting_v1,2026-05-13T23:13:33.355350,good,local_model_v1_artifact
28_067_001,NO2,2026-04-30T14:00:00,3.6926207708279355,19,hist_gradient_boosting_v1,2026-05-13T23:13:33.355350,good,local_model_v1_artifact
28_067_001,NO2,2026-04-30T15:00:00,3.345022624679235,20,hist_gradient_boosting_v1,2026-05-13T23:13:33.355350,good,local_model_v1_artifact
28_067_001,NO2,2026-04-30T16:00:00,3.7241244542102083,21,hist_gradient_boosting_v1,2026-05-13T23:13:33.355350,good,local_model_v1_artifact
28_067_001,NO2,2026-04-30T17:00:00,4.439728041737884,22,hist_gradient_boosting_v1,2026-05-13T23:13:33.355350,good,local_model_v1_artifact
28_067_001,NO2,2026-04-30T18:00:00,5.626687352469445,23,hist_gradient_boosting_v1,2026-05-13T23:13:33.355350,good,local_model_v1_artifact
28_067_001,NO2,2026-04-30T19:00:00,6.851192349030581,24,hist_gradient_boosting_v1,2026-05-13T23:13:33.355350,good,local_model_v1_artifact
28_074_007,NO2,2026-04-29T20:00:00,11.26067006982939,1,hist_gradient_boosting_v1,2026-05-13T23:13:33.355350,good,local_model_v1_artifact
28_074_007,NO2,2026-04-29T21:00:00,11.10598681100142,2,hist_gradient_boosting_v1,2026-05-13T23:13:33.355350,good,local_model_v1_artifact
28_074_007,NO2,2026-04-29T22:00:00,10.190531281192284,3,hist_gradient_boosting_v1,2026-05-13T23:13:33.355350,good,local_model_v1_artifact
28_074_007,NO2,2026-04-29T23:00:00,8.190307914101354,4,hist_gradient_boosting_v1,2026-05-13T23:13:33.355350,good,local_model_v1_artifact
28_074_007,NO2,2026-04-30T00:00:00,7.89374446825145,5,hist_gradient_boosting_v1,2026-05-13T23:13:33.355350,good,local_model_v1_artifact
28_074_007,NO2,2026-04-30T01:00:00,9.232505405340554,6,hist_gradient_boosting_v1,2026-05-13T23:13:33.355350,good,local_model_v1_artifact
28_074_007,NO2,2026-04-30T02:00:00,8.598724555428852,7,hist_gradient_boosting_v1,2026-05-13T23:13:33.355350,good,local_model_v1_artifact
28_074_007,NO2,2026-04-30T03:00:00,11.338026079857242,8,hist_gradient_boosting_v1,2026-05-13T23:13:33.355350,good,local_model_v1_artifact
28_074_007,NO2,2026-04-30T04:00:00,16.519120951043394,9,hist_gradient_boosting_v1,2026-05-13T23:13:33.355350,good,local_model_v1_artifact
28_074_007,NO2,2026-04-30T05:00:00,21.739966619840605,10,hist_gradient_boosting_v1,2026-05-13T23:13:33.355350,good,local_model_v1_artifact
28_074_007,NO2,2026-04-30T06:00:00,24.5271157421214,11,hist_gradient_boosting_v1,2026-05-13T23:13:33.355350,good,local_model_v1_artifact
28_074_007,NO2,2026-04-30T07:00:00,25.199278639762504,12,hist_gradient_boosting_v1,2026-05-13T23:13:33.355350,good,local_model_v1_artifact
28_074_007,NO2,2026-04-30T08:00:00,18.55389862937007,13,hist_gradient_boosting_v1,2026-05-13T23:13:33.355350,good,local_model_v1_artifact
28_074_007,NO2,2026-04-30T09:00:00,14.378649769778956,14,hist_gradient_boosting_v1,2026-05-13T23:13:33.355350,good,local_model_v1_artifact
28_074_007,NO2,2026-04-30T10:00:00,11.47222291811147,15,hist_gradient_boosting_v1,2026-05-13T23:13:33.355350,good,local_model_v1_artifact
28_074_007,NO2,2026-04-30T11:00:00,10.248785784930034,16,hist_gradient_boosting_v1,2026-05-13T23:13:33.355350,good,local_model_v1_artifact
28_074_007,NO2,2026-04-30T12:00:00,9.674062694253337,17,hist_gradient_boosting_v1,2026-05-13T23:13:33.355350,good,local_model_v1_artifact
28_074_007,NO2,2026-04-30T13:00:00,9.038378460998576,18,hist_gradient_boosting_v1,2026-05-13T23:13:33.355350,good,local_model_v1_artifact
28_074_007,NO2,2026-04-30T14:00:00,9.467041767119749,19,hist_gradient_boosting_v1,2026-05-13T23:13:33.355350,good,local_model_v1_artifact
28_074_007,NO2,2026-04-30T15:00:00,9.97289740406123,20,hist_gradient_boosting_v1,2026-05-13T23:13:33.355350,good,local_model_v1_artifact
28_074_007,NO2,2026-04-30T16:00:00,11.545307234688593,21,hist_gradient_boosting_v1,2026-05-13T23:13:33.355350,good,local_model_v1_artifact
28_074_007,NO2,2026-04-30T17:00:00,13.98378881034853,22,hist_gradient_boosting_v1,2026-05-13T23:13:33.355350,good,local_model_v1_artifact
28_074_007,NO2,2026-04-30T18:00:00,18.443534586379737,23,hist_gradient_boosting_v1,2026-05-13T23:13:33.355350,good,local_model_v1_artifact
28_074_007,NO2,2026-04-30T19:00:00,21.717345208006115,24,hist_gradient_boosting_v1,2026-05-13T23:13:33.355350,good,local_model_v1_artifact
28_080_003,NO2,2026-04-29T18:00:00,7.178906153293698,1,hist_gradient_boosting_v1,2026-05-13T23:13:33.355350,good,local_model_v1_artifact
28_080_003,NO2,2026-04-29T19:00:00,11.35130002210871,2,hist_gradient_boosting_v1,2026-05-13T23:13:33.355350,good,local_model_v1_artifact
28_080_003,NO2,2026-04-29T20:00:00,14.118674647553076,3,hist_gradient_boosting_v1,2026-05-13T23:13:33.355350,good,local_model_v1_artifact
28_080_003,NO2,2026-04-29T21:00:00,14.012396336533971,4,hist_gradient_boosting_v1,2026-05-13T23:13:33.355350,good,local_model_v1_artifact
28_080_003,NO2,2026-04-29T22:00:00,12.25232534772775,5,hist_gradient_boosting_v1,2026-05-13T23:13:33.355350,good,local_model_v1_artifact
28_080_003,NO2,2026-04-29T23:00:00,8.77100610153986,6,hist_gradient_boosting_v1,2026-05-13T23:13:33.355350,good,local_model_v1_artifact
28_080_003,NO2,2026-04-30T00:00:00,6.75682435551413,7,hist_gradient_boosting_v1,2026-05-13T23:13:33.355350,good,local_model_v1_artifact
28_080_003,NO2,2026-04-30T01:00:00,5.954137216891099,8,hist_gradient_boosting_v1,2026-05-13T23:13:33.355350,good,local_model_v1_artifact
28_080_003,NO2,2026-04-30T02:00:00,5.830527039023063,9,hist_gradient_boosting_v1,2026-05-13T23:13:33.355350,good,local_model_v1_artifact
28_080_003,NO2,2026-04-30T03:00:00,5.541818259740005,10,hist_gradient_boosting_v1,2026-05-13T23:13:33.355350,good,local_model_v1_artifact
28_080_003,NO2,2026-04-30T04:00:00,7.326679691543221,11,hist_gradient_boosting_v1,2026-05-13T23:13:33.355350,good,local_model_v1_artifact
28_080_003,NO2,2026-04-30T05:00:00,12.656651562613657,12,hist_gradient_boosting_v1,2026-05-13T23:13:33.355350,good,local_model_v1_artifact
28_080_003,NO2,2026-04-30T06:00:00,14.321723434509702,13,hist_gradient_boosting_v1,2026-05-13T23:13:33.355350,good,local_model_v1_artifact
28_080_003,NO2,2026-04-30T07:00:00,13.798429528294157,14,hist_gradient_boosting_v1,2026-05-13T23:13:33.355350,good,local_model_v1_artifact
28_080_003,NO2,2026-04-30T08:00:00,13.360383397346292,15,hist_gradient_boosting_v1,2026-05-13T23:13:33.355350,good,local_model_v1_artifact
28_080_003,NO2,2026-04-30T09:00:00,8.485411126447778,16,hist_gradient_boosting_v1,2026-05-13T23:13:33.355350,good,local_model_v1_artifact
28_080_003,NO2,2026-04-30T10:00:00,5.990389240011065,17,hist_gradient_boosting_v1,2026-05-13T23:13:33.355350,good,local_model_v1_artifact
28_080_003,NO2,2026-04-30T11:00:00,5.410753350326839,18,hist_gradient_boosting_v1,2026-05-13T23:13:33.355350,good,local_model_v1_artifact
28_080_003,NO2,2026-04-30T12:00:00,5.0014414367281015,19,hist_gradient_boosting_v1,2026-05-13T23:13:33.355350,good,local_model_v1_artifact
28_080_003,NO2,2026-04-30T13:00:00,3.8465501880249575,20,hist_gradient_boosting_v1,2026-05-13T23:13:33.355350,good,local_model_v1_artifact
28_080_003,NO2,2026-04-30T14:00:00,4.072954585662287,21,hist_gradient_boosting_v1,2026-05-13T23:13:33.355350,good,local_model_v1_artifact
28_080_003,NO2,2026-04-30T15:00:00,4.6916660168845254,22,hist_gradient_boosting_v1,2026-05-13T23:13:33.355350,good,local_model_v1_artifact
28_080_003,NO2,2026-04-30T16:00:00,5.7014281772393405,23,hist_gradient_boosting_v1,2026-05-13T23:13:33.355350,good,local_model_v1_artifact
28_080_003,NO2,2026-04-30T17:00:00,6.847982321730772,24,hist_gradient_boosting_v1,2026-05-13T23:13:33.355350,good,local_model_v1_artifact
28_092_005,NO2,2026-04-29T20:00:00,10.476585377683156,1,hist_gradient_boosting_v1,2026-05-13T23:13:33.355350,good,local_model_v1_artifact
28_092_005,NO2,2026-04-29T21:00:00,9.425546151099935,2,hist_gradient_boosting_v1,2026-05-13T23:13:33.355350,good,local_model_v1_artifact
28_092_005,NO2,2026-04-29T22:00:00,9.505207654255521,3,hist_gradient_boosting_v1,2026-05-13T23:13:33.355350,good,local_model_v1_artifact
28_092_005,NO2,2026-04-29T23:00:00,7.31129145735654,4,hist_gradient_boosting_v1,2026-05-13T23:13:33.355350,good,local_model_v1_artifact
28_092_005,NO2,2026-04-30T00:00:00,6.616623313530021,5,hist_gradient_boosting_v1,2026-05-13T23:13:33.355350,good,local_model_v1_artifact
28_092_005,NO2,2026-04-30T01:00:00,6.927426927599952,6,hist_gradient_boosting_v1,2026-05-13T23:13:33.355350,good,local_model_v1_artifact
28_092_005,NO2,2026-04-30T02:00:00,7.3429798384149185,7,hist_gradient_boosting_v1,2026-05-13T23:13:33.355350,good,local_model_v1_artifact
28_092_005,NO2,2026-04-30T03:00:00,7.686065906951051,8,hist_gradient_boosting_v1,2026-05-13T23:13:33.355350,good,local_model_v1_artifact
28_092_005,NO2,2026-04-30T04:00:00,11.152569577672146,9,hist_gradient_boosting_v1,2026-05-13T23:13:33.355350,good,local_model_v1_artifact
28_092_005,NO2,2026-04-30T05:00:00,17.100628098044634,10,hist_gradient_boosting_v1,2026-05-13T23:13:33.355350,good,local_model_v1_artifact
28_092_005,NO2,2026-04-30T06:00:00,19.42645143112734,11,hist_gradient_boosting_v1,2026-05-13T23:13:33.355350,good,local_model_v1_artifact
28_092_005,NO2,2026-04-30T07:00:00,17.379685241826618,12,hist_gradient_boosting_v1,2026-05-13T23:13:33.355350,good,local_model_v1_artifact
28_092_005,NO2,2026-04-30T08:00:00,12.080919987748244,13,hist_gradient_boosting_v1,2026-05-13T23:13:33.355350,good,local_model_v1_artifact
28_092_005,NO2,2026-04-30T09:00:00,9.214054845361636,14,hist_gradient_boosting_v1,2026-05-13T23:13:33.355350,good,local_model_v1_artifact
28_092_005,NO2,2026-04-30T10:00:00,7.382342482565418,15,hist_gradient_boosting_v1,2026-05-13T23:13:33.355350,good,local_model_v1_artifact
28_092_005,NO2,2026-04-30T11:00:00,6.112172455092719,16,hist_gradient_boosting_v1,2026-05-13T23:13:33.355350,good,local_model_v1_artifact
28_092_005,NO2,2026-04-30T12:00:00,5.562495770529792,17,hist_gradient_boosting_v1,2026-05-13T23:13:33.355350,good,local_model_v1_artifact
28_092_005,NO2,2026-04-30T13:00:00,5.143508067050273,18,hist_gradient_boosting_v1,2026-05-13T23:13:33.355350,good,local_model_v1_artifact
28_092_005,NO2,2026-04-30T14:00:00,5.3831478250958575,19,hist_gradient_boosting_v1,2026-05-13T23:13:33.355350,good,local_model_v1_artifact
28_092_005,NO2,2026-04-30T15:00:00,6.057898084573556,20,hist_gradient_boosting_v1,2026-05-13T23:13:33.355350,good,local_model_v1_artifact
28_092_005,NO2,2026-04-30T16:00:00,6.8346130611567615,21,hist_gradient_boosting_v1,2026-05-13T23:13:33.355350,good,local_model_v1_artifact
28_092_005,NO2,2026-04-30T17:00:00,9.055720466864168,22,hist_gradient_boosting_v1,2026-05-13T23:13:33.355350,good,local_model_v1_artifact
28_092_005,NO2,2026-04-30T18:00:00,11.217563835879632,23,hist_gradient_boosting_v1,2026-05-13T23:13:33.355350,good,local_model_v1_artifact
28_092_005,NO2,2026-04-30T19:00:00,13.547444401607969,24,hist_gradient_boosting_v1,2026-05-13T23:13:33.355350,good,local_model_v1_artifact
28_102_001,NO2,2026-04-29T20:00:00,0.9211537094475275,1,hist_gradient_boosting_v1,2026-05-13T23:13:33.355350,good,local_model_v1_artifact
28_102_001,NO2,2026-04-29T21:00:00,1.2474440643324094,2,hist_gradient_boosting_v1,2026-05-13T23:13:33.355350,good,local_model_v1_artifact
28_102_001,NO2,2026-04-29T22:00:00,0.9120912155621413,3,hist_gradient_boosting_v1,2026-05-13T23:13:33.355350,good,local_model_v1_artifact
28_102_001,NO2,2026-04-29T23:00:00,1.2803369667265578,4,hist_gradient_boosting_v1,2026-05-13T23:13:33.355350,good,local_model_v1_artifact
28_102_001,NO2,2026-04-30T00:00:00,0.7950209399755712,5,hist_gradient_boosting_v1,2026-05-13T23:13:33.355350,good,local_model_v1_artifact
28_102_001,NO2,2026-04-30T01:00:00,0.25283885768367903,6,hist_gradient_boosting_v1,2026-05-13T23:13:33.355350,good,local_model_v1_artifact
28_102_001,NO2,2026-04-30T02:00:00,0.3585633330230262,7,hist_gradient_boosting_v1,2026-05-13T23:13:33.355350,good,local_model_v1_artifact
28_102_001,NO2,2026-04-30T03:00:00,0.5928003701861166,8,hist_gradient_boosting_v1,2026-05-13T23:13:33.355350,good,local_model_v1_artifact
28_102_001,NO2,2026-04-30T04:00:00,1.6002529312335216,9,hist_gradient_boosting_v1,2026-05-13T23:13:33.355350,good,local_model_v1_artifact
28_102_001,NO2,2026-04-30T05:00:00,2.086871316463789,10,hist_gradient_boosting_v1,2026-05-13T23:13:33.355350,good,local_model_v1_artifact
28_102_001,NO2,2026-04-30T06:00:00,3.2787046347043143,11,hist_gradient_boosting_v1,2026-05-13T23:13:33.355350,good,local_model_v1_artifact
28_102_001,NO2,2026-04-30T07:00:00,1.6934232904270492,12,hist_gradient_boosting_v1,2026-05-13T23:13:33.355350,good,local_model_v1_artifact
28_102_001,NO2,2026-04-30T08:00:00,1.4955644795730054,13,hist_gradient_boosting_v1,2026-05-13T23:13:33.355350,good,local_model_v1_artifact
28_102_001,NO2,2026-04-30T09:00:00,1.2186248806792954,14,hist_gradient_boosting_v1,2026-05-13T23:13:33.355350,good,local_model_v1_artifact
28_102_001,NO2,2026-04-30T10:00:00,1.1327279547399367,15,hist_gradient_boosting_v1,2026-05-13T23:13:33.355350,good,local_model_v1_artifact
28_102_001,NO2,2026-04-30T11:00:00,1.097295189153427,16,hist_gradient_boosting_v1,2026-05-13T23:13:33.355350,good,local_model_v1_artifact
28_102_001,NO2,2026-04-30T12:00:00,1.205687843565395,17,hist_gradient_boosting_v1,2026-05-13T23:13:33.355350,good,local_model_v1_artifact
28_102_001,NO2,2026-04-30T13:00:00,1.1167445730027359,18,hist_gradient_boosting_v1,2026-05-13T23:13:33.355350,good,local_model_v1_artifact
28_102_001,NO2,2026-04-30T14:00:00,1.250195706066461,19,hist_gradient_boosting_v1,2026-05-13T23:13:33.355350,good,local_model_v1_artifact
28_102_001,NO2,2026-04-30T15:00:00,1.0023323998748506,20,hist_gradient_boosting_v1,2026-05-13T23:13:33.355350,good,local_model_v1_artifact
28_102_001,NO2,2026-04-30T16:00:00,1.2013475199420722,21,hist_gradient_boosting_v1,2026-05-13T23:13:33.355350,good,local_model_v1_artifact
28_102_001,NO2,2026-04-30T17:00:00,1.185535562037683,22,hist_gradient_boosting_v1,2026-05-13T23:13:33.355350,good,local_model_v1_artifact
28_102_001,NO2,2026-04-30T18:00:00,1.5064161891741599,23,hist_gradient_boosting_v1,2026-05-13T23:13:33.355350,good,local_model_v1_artifact
28_102_001,NO2,2026-04-30T19:00:00,2.0371229790450647,24,hist_gradient_boosting_v1,2026-05-13T23:13:33.355350,good,local_model_v1_artifact
28_106_001,NO2,2026-04-29T16:00:00,10.768653031507665,1,hist_gradient_boosting_v1,2026-05-13T23:13:33.355350,good,local_model_v1_artifact
28_106_001,NO2,2026-04-29T17:00:00,13.062641932619915,2,hist_gradient_boosting_v1,2026-05-13T23:13:33.355350,good,local_model_v1_artifact
28_106_001,NO2,2026-04-29T18:00:00,17.174779092311255,3,hist_gradient_boosting_v1,2026-05-13T23:13:33.355350,good,local_model_v1_artifact
28_106_001,NO2,2026-04-29T19:00:00,19.316194435896495,4,hist_gradient_boosting_v1,2026-05-13T23:13:33.355350,good,local_model_v1_artifact
28_106_001,NO2,2026-04-29T20:00:00,20.640707970751833,5,hist_gradient_boosting_v1,2026-05-13T23:13:33.355350,good,local_model_v1_artifact
28_106_001,NO2,2026-04-29T21:00:00,18.99769525657515,6,hist_gradient_boosting_v1,2026-05-13T23:13:33.355350,good,local_model_v1_artifact
28_106_001,NO2,2026-04-29T22:00:00,14.876914034637094,7,hist_gradient_boosting_v1,2026-05-13T23:13:33.355350,good,local_model_v1_artifact
28_106_001,NO2,2026-04-29T23:00:00,12.70086306839324,8,hist_gradient_boosting_v1,2026-05-13T23:13:33.355350,good,local_model_v1_artifact
28_106_001,NO2,2026-04-30T00:00:00,11.085265028545164,9,hist_gradient_boosting_v1,2026-05-13T23:13:33.355350,good,local_model_v1_artifact
28_106_001,NO2,2026-04-30T01:00:00,10.18863007425259,10,hist_gradient_boosting_v1,2026-05-13T23:13:33.355350,good,local_model_v1_artifact
28_106_001,NO2,2026-04-30T02:00:00,11.540854038764621,11,hist_gradient_boosting_v1,2026-05-13T23:13:33.355350,good,local_model_v1_artifact
28_106_001,NO2,2026-04-30T03:00:00,11.559787362444256,12,hist_gradient_boosting_v1,2026-05-13T23:13:33.355350,good,local_model_v1_artifact
28_106_001,NO2,2026-04-30T04:00:00,15.838206338834015,13,hist_gradient_boosting_v1,2026-05-13T23:13:33.355350,good,local_model_v1_artifact
28_106_001,NO2,2026-04-30T05:00:00,26.124153691512777,14,hist_gradient_boosting_v1,2026-05-13T23:13:33.355350,good,local_model_v1_artifact
28_106_001,NO2,2026-04-30T06:00:00,26.36896095368288,15,hist_gradient_boosting_v1,2026-05-13T23:13:33.355350,good,local_model_v1_artifact
28_106_001,NO2,2026-04-30T07:00:00,25.47110000265078,16,hist_gradient_boosting_v1,2026-05-13T23:13:33.355350,good,local_model_v1_artifact
28_106_001,NO2,2026-04-30T08:00:00,19.203758864709535,17,hist_gradient_boosting_v1,2026-05-13T23:13:33.355350,good,local_model_v1_artifact
28_106_001,NO2,2026-04-30T09:00:00,14.740231341805641,18,hist_gradient_boosting_v1,2026-05-13T23:13:33.355350,good,local_model_v1_artifact
28_106_001,NO2,2026-04-30T10:00:00,11.123464473523631,19,hist_gradient_boosting_v1,2026-05-13T23:13:33.355350,good,local_model_v1_artifact
28_106_001,NO2,2026-04-30T11:00:00,9.022930747378602,20,hist_gradient_boosting_v1,2026-05-13T23:13:33.355350,good,local_model_v1_artifact
28_106_001,NO2,2026-04-30T12:00:00,8.175611531848967,21,hist_gradient_boosting_v1,2026-05-13T23:13:33.355350,good,local_model_v1_artifact
28_106_001,NO2,2026-04-30T13:00:00,7.246969732404987,22,hist_gradient_boosting_v1,2026-05-13T23:13:33.355350,good,local_model_v1_artifact
28_106_001,NO2,2026-04-30T14:00:00,8.120196508976047,23,hist_gradient_boosting_v1,2026-05-13T23:13:33.355350,good,local_model_v1_artifact
28_106_001,NO2,2026-04-30T15:00:00,9.47605970648962,24,hist_gradient_boosting_v1,2026-05-13T23:13:33.355350,good,local_model_v1_artifact
28_115_003,NO2,2026-04-29T18:00:00,18.225259612119313,1,hist_gradient_boosting_v1,2026-05-13T23:13:33.355350,good,local_model_v1_artifact
28_115_003,NO2,2026-04-29T19:00:00,21.49243255281587,2,hist_gradient_boosting_v1,2026-05-13T23:13:33.355350,good,local_model_v1_artifact
28_115_003,NO2,2026-04-29T20:00:00,22.741752976640537,3,hist_gradient_boosting_v1,2026-05-13T23:13:33.355350,good,local_model_v1_artifact
28_115_003,NO2,2026-04-29T21:00:00,18.577875851046315,4,hist_gradient_boosting_v1,2026-05-13T23:13:33.355350,good,local_model_v1_artifact
28_115_003,NO2,2026-04-29T22:00:00,14.254622984097944,5,hist_gradient_boosting_v1,2026-05-13T23:13:33.355350,good,local_model_v1_artifact
28_115_003,NO2,2026-04-29T23:00:00,10.730359923990216,6,hist_gradient_boosting_v1,2026-05-13T23:13:33.355350,good,local_model_v1_artifact
28_115_003,NO2,2026-04-30T00:00:00,7.873003663769068,7,hist_gradient_boosting_v1,2026-05-13T23:13:33.355350,good,local_model_v1_artifact
28_115_003,NO2,2026-04-30T01:00:00,7.781973329611727,8,hist_gradient_boosting_v1,2026-05-13T23:13:33.355350,good,local_model_v1_artifact
28_115_003,NO2,2026-04-30T02:00:00,8.023629329609149,9,hist_gradient_boosting_v1,2026-05-13T23:13:33.355350,good,local_model_v1_artifact
28_115_003,NO2,2026-04-30T03:00:00,8.978659236340285,10,hist_gradient_boosting_v1,2026-05-13T23:13:33.355350,good,local_model_v1_artifact
28_115_003,NO2,2026-04-30T04:00:00,13.13166851556566,11,hist_gradient_boosting_v1,2026-05-13T23:13:33.355350,good,local_model_v1_artifact
28_115_003,NO2,2026-04-30T05:00:00,22.69772673991923,12,hist_gradient_boosting_v1,2026-05-13T23:13:33.355350,good,local_model_v1_artifact
28_115_003,NO2,2026-04-30T06:00:00,25.839373095967957,13,hist_gradient_boosting_v1,2026-05-13T23:13:33.355350,good,local_model_v1_artifact
28_115_003,NO2,2026-04-30T07:00:00,22.33853964461843,14,hist_gradient_boosting_v1,2026-05-13T23:13:33.355350,good,local_model_v1_artifact
28_115_003,NO2,2026-04-30T08:00:00,17.15554365204938,15,hist_gradient_boosting_v1,2026-05-13T23:13:33.355350,good,local_model_v1_artifact
28_115_003,NO2,2026-04-30T09:00:00,13.531593622970995,16,hist_gradient_boosting_v1,2026-05-13T23:13:33.355350,good,local_model_v1_artifact
28_115_003,NO2,2026-04-30T10:00:00,11.44253808286605,17,hist_gradient_boosting_v1,2026-05-13T23:13:33.355350,good,local_model_v1_artifact
28_115_003,NO2,2026-04-30T11:00:00,10.301719263504737,18,hist_gradient_boosting_v1,2026-05-13T23:13:33.355350,good,local_model_v1_artifact
28_115_003,NO2,2026-04-30T12:00:00,8.58817648226843,19,hist_gradient_boosting_v1,2026-05-13T23:13:33.355350,good,local_model_v1_artifact
28_115_003,NO2,2026-04-30T13:00:00,8.4090887337588,20,hist_gradient_boosting_v1,2026-05-13T23:13:33.355350,good,local_model_v1_artifact
28_115_003,NO2,2026-04-30T14:00:00,9.512538337062418,21,hist_gradient_boosting_v1,2026-05-13T23:13:33.355350,good,local_model_v1_artifact
28_115_003,NO2,2026-04-30T15:00:00,10.436076521127948,22,hist_gradient_boosting_v1,2026-05-13T23:13:33.355350,good,local_model_v1_artifact
28_115_003,NO2,2026-04-30T16:00:00,13.033483355509336,23,hist_gradient_boosting_v1,2026-05-13T23:13:33.355350,good,local_model_v1_artifact
28_115_003,NO2,2026-04-30T17:00:00,16.276057393473103,24,hist_gradient_boosting_v1,2026-05-13T23:13:33.355350,good,local_model_v1_artifact
28_120_001,NO2,2026-04-29T19:00:00,1.465272846089076,1,hist_gradient_boosting_v1,2026-05-13T23:13:33.355350,good,local_model_v1_artifact
28_120_001,NO2,2026-04-29T20:00:00,2.653460161926511,2,hist_gradient_boosting_v1,2026-05-13T23:13:33.355350,good,local_model_v1_artifact
28_120_001,NO2,2026-04-29T21:00:00,1.5835101163648015,3,hist_gradient_boosting_v1,2026-05-13T23:13:33.355350,good,local_model_v1_artifact
28_120_001,NO2,2026-04-29T22:00:00,1.5763781963249577,4,hist_gradient_boosting_v1,2026-05-13T23:13:33.355350,good,local_model_v1_artifact
28_120_001,NO2,2026-04-29T23:00:00,1.1210300813614067,5,hist_gradient_boosting_v1,2026-05-13T23:13:33.355350,good,local_model_v1_artifact
28_120_001,NO2,2026-04-30T00:00:00,0.7798786981381822,6,hist_gradient_boosting_v1,2026-05-13T23:13:33.355350,good,local_model_v1_artifact
28_120_001,NO2,2026-04-30T01:00:00,-0.19052468505786613,7,hist_gradient_boosting_v1,2026-05-13T23:13:33.355350,good,local_model_v1_artifact
28_120_001,NO2,2026-04-30T02:00:00,-0.07665953415922844,8,hist_gradient_boosting_v1,2026-05-13T23:13:33.355350,good,local_model_v1_artifact
28_120_001,NO2,2026-04-30T03:00:00,-0.048760283335448164,9,hist_gradient_boosting_v1,2026-05-13T23:13:33.355350,good,local_model_v1_artifact
28_120_001,NO2,2026-04-30T04:00:00,0.4765358524266766,10,hist_gradient_boosting_v1,2026-05-13T23:13:33.355350,good,local_model_v1_artifact
28_120_001,NO2,2026-04-30T05:00:00,2.3549439981961586,11,hist_gradient_boosting_v1,2026-05-13T23:13:33.355350,good,local_model_v1_artifact
28_120_001,NO2,2026-04-30T06:00:00,2.7831535792684434,12,hist_gradient_boosting_v1,2026-05-13T23:13:33.355350,good,local_model_v1_artifact
28_120_001,NO2,2026-04-30T07:00:00,1.8499076243900516,13,hist_gradient_boosting_v1,2026-05-13T23:13:33.355350,good,local_model_v1_artifact
28_120_001,NO2,2026-04-30T08:00:00,1.1778454807195544,14,hist_gradient_boosting_v1,2026-05-13T23:13:33.355350,good,local_model_v1_artifact
28_120_001,NO2,2026-04-30T09:00:00,1.252699488466289,15,hist_gradient_boosting_v1,2026-05-13T23:13:33.355350,good,local_model_v1_artifact
28_120_001,NO2,2026-04-30T10:00:00,1.2311453641241223,16,hist_gradient_boosting_v1,2026-05-13T23:13:33.355350,good,local_model_v1_artifact
28_120_001,NO2,2026-04-30T11:00:00,1.2213634082905778,17,hist_gradient_boosting_v1,2026-05-13T23:13:33.355350,good,local_model_v1_artifact
28_120_001,NO2,2026-04-30T12:00:00,1.1063403491825698,18,hist_gradient_boosting_v1,2026-05-13T23:13:33.355350,good,local_model_v1_artifact
28_120_001,NO2,2026-04-30T13:00:00,1.077226071486982,19,hist_gradient_boosting_v1,2026-05-13T23:13:33.355350,good,local_model_v1_artifact
28_120_001,NO2,2026-04-30T14:00:00,0.9765918903379377,20,hist_gradient_boosting_v1,2026-05-13T23:13:33.355350,good,local_model_v1_artifact
28_120_001,NO2,2026-04-30T15:00:00,1.1669185844784684,21,hist_gradient_boosting_v1,2026-05-13T23:13:33.355350,good,local_model_v1_artifact
28_120_001,NO2,2026-04-30T16:00:00,1.3427195950375332,22,hist_gradient_boosting_v1,2026-05-13T23:13:33.355350,good,local_model_v1_artifact
28_120_001,NO2,2026-04-30T17:00:00,1.7654538160496087,23,hist_gradient_boosting_v1,2026-05-13T23:13:33.355350,good,local_model_v1_artifact
28_120_001,NO2,2026-04-30T18:00:00,1.6839402156330099,24,hist_gradient_boosting_v1,2026-05-13T23:13:33.355350,good,local_model_v1_artifact
28_123_002,NO2,2026-04-29T17:00:00,4.9130386283403835,1,hist_gradient_boosting_v1,2026-05-13T23:13:33.355350,good,local_model_v1_artifact
28_123_002,NO2,2026-04-29T18:00:00,6.359138872499751,2,hist_gradient_boosting_v1,2026-05-13T23:13:33.355350,good,local_model_v1_artifact
28_123_002,NO2,2026-04-29T19:00:00,11.24725772205515,3,hist_gradient_boosting_v1,2026-05-13T23:13:33.355350,good,local_model_v1_artifact
28_123_002,NO2,2026-04-29T20:00:00,13.152283144799512,4,hist_gradient_boosting_v1,2026-05-13T23:13:33.355350,good,local_model_v1_artifact
28_123_002,NO2,2026-04-29T21:00:00,12.98294316673524,5,hist_gradient_boosting_v1,2026-05-13T23:13:33.355350,good,local_model_v1_artifact
28_123_002,NO2,2026-04-29T22:00:00,9.844903819169215,6,hist_gradient_boosting_v1,2026-05-13T23:13:33.355350,good,local_model_v1_artifact
28_123_002,NO2,2026-04-29T23:00:00,8.370755109232658,7,hist_gradient_boosting_v1,2026-05-13T23:13:33.355350,good,local_model_v1_artifact
28_123_002,NO2,2026-04-30T00:00:00,7.603561387755361,8,hist_gradient_boosting_v1,2026-05-13T23:13:33.355350,good,local_model_v1_artifact
28_123_002,NO2,2026-04-30T01:00:00,6.7746911514338315,9,hist_gradient_boosting_v1,2026-05-13T23:13:33.355350,good,local_model_v1_artifact
28_123_002,NO2,2026-04-30T02:00:00,5.937504910321665,10,hist_gradient_boosting_v1,2026-05-13T23:13:33.355350,good,local_model_v1_artifact
28_123_002,NO2,2026-04-30T03:00:00,5.704646160512589,11,hist_gradient_boosting_v1,2026-05-13T23:13:33.355350,good,local_model_v1_artifact
28_123_002,NO2,2026-04-30T04:00:00,7.455482832357585,12,hist_gradient_boosting_v1,2026-05-13T23:13:33.355350,good,local_model_v1_artifact
28_123_002,NO2,2026-04-30T05:00:00,11.450538488668496,13,hist_gradient_boosting_v1,2026-05-13T23:13:33.355350,good,local_model_v1_artifact
28_123_002,NO2,2026-04-30T06:00:00,12.474970417576106,14,hist_gradient_boosting_v1,2026-05-13T23:13:33.355350,good,local_model_v1_artifact
28_123_002,NO2,2026-04-30T07:00:00,12.394622935725774,15,hist_gradient_boosting_v1,2026-05-13T23:13:33.355350,good,local_model_v1_artifact
28_123_002,NO2,2026-04-30T08:00:00,9.559017676282986,16,hist_gradient_boosting_v1,2026-05-13T23:13:33.355350,good,local_model_v1_artifact
28_123_002,NO2,2026-04-30T09:00:00,7.5857077420992285,17,hist_gradient_boosting_v1,2026-05-13T23:13:33.355350,good,local_model_v1_artifact
28_123_002,NO2,2026-04-30T10:00:00,5.951354418844447,18,hist_gradient_boosting_v1,2026-05-13T23:13:33.355350,good,local_model_v1_artifact
28_123_002,NO2,2026-04-30T11:00:00,5.922539127106378,19,hist_gradient_boosting_v1,2026-05-13T23:13:33.355350,good,local_model_v1_artifact
28_123_002,NO2,2026-04-30T12:00:00,5.419558874195607,20,hist_gradient_boosting_v1,2026-05-13T23:13:33.355350,good,local_model_v1_artifact
28_123_002,NO2,2026-04-30T13:00:00,5.490087500946033,21,hist_gradient_boosting_v1,2026-05-13T23:13:33.355350,good,local_model_v1_artifact
28_123_002,NO2,2026-04-30T14:00:00,6.228425595542109,22,hist_gradient_boosting_v1,2026-05-13T23:13:33.355350,good,local_model_v1_artifact
28_123_002,NO2,2026-04-30T15:00:00,6.563061486319354,23,hist_gradient_boosting_v1,2026-05-13T23:13:33.355350,good,local_model_v1_artifact
28_123_002,NO2,2026-04-30T16:00:00,6.9929960140142695,24,hist_gradient_boosting_v1,2026-05-13T23:13:33.355350,good,local_model_v1_artifact
28_127_004,NO2,2026-04-29T17:00:00,15.499871672300298,1,hist_gradient_boosting_v1,2026-05-13T23:13:33.355350,good,local_model_v1_artifact
28_127_004,NO2,2026-04-29T18:00:00,18.598158601861478,2,hist_gradient_boosting_v1,2026-05-13T23:13:33.355350,good,local_model_v1_artifact
28_127_004,NO2,2026-04-29T19:00:00,23.516847982134443,3,hist_gradient_boosting_v1,2026-05-13T23:13:33.355350,good,local_model_v1_artifact
28_127_004,NO2,2026-04-29T20:00:00,24.236747453150553,4,hist_gradient_boosting_v1,2026-05-13T23:13:33.355350,good,local_model_v1_artifact
28_127_004,NO2,2026-04-29T21:00:00,23.27088988113179,5,hist_gradient_boosting_v1,2026-05-13T23:13:33.355350,good,local_model_v1_artifact
28_127_004,NO2,2026-04-29T22:00:00,18.285546404453182,6,hist_gradient_boosting_v1,2026-05-13T23:13:33.355350,good,local_model_v1_artifact
28_127_004,NO2,2026-04-29T23:00:00,13.619629409100408,7,hist_gradient_boosting_v1,2026-05-13T23:13:33.355350,good,local_model_v1_artifact
28_127_004,NO2,2026-04-30T00:00:00,11.117867155094531,8,hist_gradient_boosting_v1,2026-05-13T23:13:33.355350,good,local_model_v1_artifact
28_127_004,NO2,2026-04-30T01:00:00,8.855529964143049,9,hist_gradient_boosting_v1,2026-05-13T23:13:33.355350,good,local_model_v1_artifact
28_127_004,NO2,2026-04-30T02:00:00,9.224187433756537,10,hist_gradient_boosting_v1,2026-05-13T23:13:33.355350,good,local_model_v1_artifact
28_127_004,NO2,2026-04-30T03:00:00,10.145327238083446,11,hist_gradient_boosting_v1,2026-05-13T23:13:33.355350,good,local_model_v1_artifact
28_127_004,NO2,2026-04-30T04:00:00,13.953709214433529,12,hist_gradient_boosting_v1,2026-05-13T23:13:33.355350,good,local_model_v1_artifact
28_127_004,NO2,2026-04-30T05:00:00,22.36666918100706,13,hist_gradient_boosting_v1,2026-05-13T23:13:33.355350,good,local_model_v1_artifact
28_127_004,NO2,2026-04-30T06:00:00,25.815383141302483,14,hist_gradient_boosting_v1,2026-05-13T23:13:33.355350,good,local_model_v1_artifact
28_127_004,NO2,2026-04-30T07:00:00,23.09753538155855,15,hist_gradient_boosting_v1,2026-05-13T23:13:33.355350,good,local_model_v1_artifact
28_127_004,NO2,2026-04-30T08:00:00,17.968214488326584,16,hist_gradient_boosting_v1,2026-05-13T23:13:33.355350,good,local_model_v1_artifact
28_127_004,NO2,2026-04-30T09:00:00,13.101898723818422,17,hist_gradient_boosting_v1,2026-05-13T23:13:33.355350,good,local_model_v1_artifact
28_127_004,NO2,2026-04-30T10:00:00,11.88723399840717,18,hist_gradient_boosting_v1,2026-05-13T23:13:33.355350,good,local_model_v1_artifact
28_127_004,NO2,2026-04-30T11:00:00,10.62810630249784,19,hist_gradient_boosting_v1,2026-05-13T23:13:33.355350,good,local_model_v1_artifact
28_127_004,NO2,2026-04-30T12:00:00,9.002120998991257,20,hist_gradient_boosting_v1,2026-05-13T23:13:33.355350,good,local_model_v1_artifact
28_127_004,NO2,2026-04-30T13:00:00,8.416875293142859,21,hist_gradient_boosting_v1,2026-05-13T23:13:33.355350,good,local_model_v1_artifact
28_127_004,NO2,2026-04-30T14:00:00,8.274766325119302,22,hist_gradient_boosting_v1,2026-05-13T23:13:33.355350,good,local_model_v1_artifact
28_127_004,NO2,2026-04-30T15:00:00,10.030865958237028,23,hist_gradient_boosting_v1,2026-05-13T23:13:33.355350,good,local_model_v1_artifact
28_127_004,NO2,2026-04-30T16:00:00,11.097621575278652,24,hist_gradient_boosting_v1,2026-05-13T23:13:33.355350,good,local_model_v1_artifact
28_133_002,NO2,2026-04-29T18:00:00,8.089979466296507,1,hist_gradient_boosting_v1,2026-05-13T23:13:33.355350,good,local_model_v1_artifact
28_133_002,NO2,2026-04-29T19:00:00,8.948709547030989,2,hist_gradient_boosting_v1,2026-05-13T23:13:33.355350,good,local_model_v1_artifact
28_133_002,NO2,2026-04-29T20:00:00,9.273811809298838,3,hist_gradient_boosting_v1,2026-05-13T23:13:33.355350,good,local_model_v1_artifact
28_133_002,NO2,2026-04-29T21:00:00,8.065453507652503,4,hist_gradient_boosting_v1,2026-05-13T23:13:33.355350,good,local_model_v1_artifact
28_133_002,NO2,2026-04-29T22:00:00,4.442011472079352,5,hist_gradient_boosting_v1,2026-05-13T23:13:33.355350,good,local_model_v1_artifact
28_133_002,NO2,2026-04-29T23:00:00,3.3535892126192683,6,hist_gradient_boosting_v1,2026-05-13T23:13:33.355350,good,local_model_v1_artifact
28_133_002,NO2,2026-04-30T00:00:00,2.3591096850133715,7,hist_gradient_boosting_v1,2026-05-13T23:13:33.355350,good,local_model_v1_artifact
28_133_002,NO2,2026-04-30T01:00:00,2.325067324280477,8,hist_gradient_boosting_v1,2026-05-13T23:13:33.355350,good,local_model_v1_artifact
28_133_002,NO2,2026-04-30T02:00:00,3.0552432288438958,9,hist_gradient_boosting_v1,2026-05-13T23:13:33.355350,good,local_model_v1_artifact
28_133_002,NO2,2026-04-30T03:00:00,3.0311670887009883,10,hist_gradient_boosting_v1,2026-05-13T23:13:33.355350,good,local_model_v1_artifact
28_133_002,NO2,2026-04-30T04:00:00,4.218521281914246,11,hist_gradient_boosting_v1,2026-05-13T23:13:33.355350,good,local_model_v1_artifact
28_133_002,NO2,2026-04-30T05:00:00,7.204602364758571,12,hist_gradient_boosting_v1,2026-05-13T23:13:33.355350,good,local_model_v1_artifact
28_133_002,NO2,2026-04-30T06:00:00,7.938921748013199,13,hist_gradient_boosting_v1,2026-05-13T23:13:33.355350,good,local_model_v1_artifact
28_133_002,NO2,2026-04-30T07:00:00,4.998807461198885,14,hist_gradient_boosting_v1,2026-05-13T23:13:33.355350,good,local_model_v1_artifact
28_133_002,NO2,2026-04-30T08:00:00,3.8301098622071894,15,hist_gradient_boosting_v1,2026-05-13T23:13:33.355350,good,local_model_v1_artifact
28_133_002,NO2,2026-04-30T09:00:00,3.7406308354615048,16,hist_gradient_boosting_v1,2026-05-13T23:13:33.355350,good,local_model_v1_artifact
28_133_002,NO2,2026-04-30T10:00:00,3.8535644362500485,17,hist_gradient_boosting_v1,2026-05-13T23:13:33.355350,good,local_model_v1_artifact
28_133_002,NO2,2026-04-30T11:00:00,3.7966482966561768,18,hist_gradient_boosting_v1,2026-05-13T23:13:33.355350,good,local_model_v1_artifact
28_133_002,NO2,2026-04-30T12:00:00,3.4418631392212315,19,hist_gradient_boosting_v1,2026-05-13T23:13:33.355350,good,local_model_v1_artifact
28_133_002,NO2,2026-04-30T13:00:00,3.1721400007857055,20,hist_gradient_boosting_v1,2026-05-13T23:13:33.355350,good,local_model_v1_artifact
28_133_002,NO2,2026-04-30T14:00:00,3.605653503426168,21,hist_gradient_boosting_v1,2026-05-13T23:13:33.355350,good,local_model_v1_artifact
28_133_002,NO2,2026-04-30T15:00:00,4.222932192674067,22,hist_gradient_boosting_v1,2026-05-13T23:13:33.355350,good,local_model_v1_artifact
28_133_002,NO2,2026-04-30T16:00:00,4.993969694304243,23,hist_gradient_boosting_v1,2026-05-13T23:13:33.355350,good,local_model_v1_artifact
28_133_002,NO2,2026-04-30T17:00:00,5.4547843441127934,24,hist_gradient_boosting_v1,2026-05-13T23:13:33.355350,good,local_model_v1_artifact
28_134_002,NO2,2026-04-29T18:00:00,6.004702683424062,1,hist_gradient_boosting_v1,2026-05-13T23:13:33.355350,good,local_model_v1_artifact
28_134_002,NO2,2026-04-29T19:00:00,8.92537958312159,2,hist_gradient_boosting_v1,2026-05-13T23:13:33.355350,good,local_model_v1_artifact
28_134_002,NO2,2026-04-29T20:00:00,11.095751542823557,3,hist_gradient_boosting_v1,2026-05-13T23:13:33.355350,good,local_model_v1_artifact
28_134_002,NO2,2026-04-29T21:00:00,12.112090741316182,4,hist_gradient_boosting_v1,2026-05-13T23:13:33.355350,good,local_model_v1_artifact
28_134_002,NO2,2026-04-29T22:00:00,9.882392086480035,5,hist_gradient_boosting_v1,2026-05-13T23:13:33.355350,good,local_model_v1_artifact
28_134_002,NO2,2026-04-29T23:00:00,6.176747529643731,6,hist_gradient_boosting_v1,2026-05-13T23:13:33.355350,good,local_model_v1_artifact
28_134_002,NO2,2026-04-30T00:00:00,4.831338452829401,7,hist_gradient_boosting_v1,2026-05-13T23:13:33.355350,good,local_model_v1_artifact
28_134_002,NO2,2026-04-30T01:00:00,5.386407691250361,8,hist_gradient_boosting_v1,2026-05-13T23:13:33.355350,good,local_model_v1_artifact
28_134_002,NO2,2026-04-30T02:00:00,5.613837205019138,9,hist_gradient_boosting_v1,2026-05-13T23:13:33.355350,good,local_model_v1_artifact
28_134_002,NO2,2026-04-30T03:00:00,4.687900562881464,10,hist_gradient_boosting_v1,2026-05-13T23:13:33.355350,good,local_model_v1_artifact
28_134_002,NO2,2026-04-30T04:00:00,6.075261842151987,11,hist_gradient_boosting_v1,2026-05-13T23:13:33.355350,good,local_model_v1_artifact
28_134_002,NO2,2026-04-30T05:00:00,11.044120257975463,12,hist_gradient_boosting_v1,2026-05-13T23:13:33.355350,good,local_model_v1_artifact
28_134_002,NO2,2026-04-30T06:00:00,13.018263353745166,13,hist_gradient_boosting_v1,2026-05-13T23:13:33.355350,good,local_model_v1_artifact
28_134_002,NO2,2026-04-30T07:00:00,10.541992861516825,14,hist_gradient_boosting_v1,2026-05-13T23:13:33.355350,good,local_model_v1_artifact
28_134_002,NO2,2026-04-30T08:00:00,7.711039445248124,15,hist_gradient_boosting_v1,2026-05-13T23:13:33.355350,good,local_model_v1_artifact
28_134_002,NO2,2026-04-30T09:00:00,7.569686348000899,16,hist_gradient_boosting_v1,2026-05-13T23:13:33.355350,good,local_model_v1_artifact
28_134_002,NO2,2026-04-30T10:00:00,7.098144730344985,17,hist_gradient_boosting_v1,2026-05-13T23:13:33.355350,good,local_model_v1_artifact
28_134_002,NO2,2026-04-30T11:00:00,6.114934390651151,18,hist_gradient_boosting_v1,2026-05-13T23:13:33.355350,good,local_model_v1_artifact
28_134_002,NO2,2026-04-30T12:00:00,5.492167267237102,19,hist_gradient_boosting_v1,2026-05-13T23:13:33.355350,good,local_model_v1_artifact
28_134_002,NO2,2026-04-30T13:00:00,5.425929715556416,20,hist_gradient_boosting_v1,2026-05-13T23:13:33.355350,good,local_model_v1_artifact
28_134_002,NO2,2026-04-30T14:00:00,5.2090346703458055,21,hist_gradient_boosting_v1,2026-05-13T23:13:33.355350,good,local_model_v1_artifact
28_134_002,NO2,2026-04-30T15:00:00,6.086035560269774,22,hist_gradient_boosting_v1,2026-05-13T23:13:33.355350,good,local_model_v1_artifact
28_134_002,NO2,2026-04-30T16:00:00,5.9247972045240385,23,hist_gradient_boosting_v1,2026-05-13T23:13:33.355350,good,local_model_v1_artifact
28_134_002,NO2,2026-04-30T17:00:00,6.811307239355555,24,hist_gradient_boosting_v1,2026-05-13T23:13:33.355350,good,local_model_v1_artifact
28_148_004,NO2,2026-04-29T20:00:00,8.0072267516498,1,hist_gradient_boosting_v1,2026-05-13T23:13:33.355350,good,local_model_v1_artifact
28_148_004,NO2,2026-04-29T21:00:00,7.814510458033656,2,hist_gradient_boosting_v1,2026-05-13T23:13:33.355350,good,local_model_v1_artifact
28_148_004,NO2,2026-04-29T22:00:00,7.492391289654979,3,hist_gradient_boosting_v1,2026-05-13T23:13:33.355350,good,local_model_v1_artifact
28_148_004,NO2,2026-04-29T23:00:00,6.5437298050278905,4,hist_gradient_boosting_v1,2026-05-13T23:13:33.355350,good,local_model_v1_artifact
28_148_004,NO2,2026-04-30T00:00:00,6.790904064768544,5,hist_gradient_boosting_v1,2026-05-13T23:13:33.355350,good,local_model_v1_artifact
28_148_004,NO2,2026-04-30T01:00:00,7.4493558468460135,6,hist_gradient_boosting_v1,2026-05-13T23:13:33.355350,good,local_model_v1_artifact
28_148_004,NO2,2026-04-30T02:00:00,8.391298129848881,7,hist_gradient_boosting_v1,2026-05-13T23:13:33.355350,good,local_model_v1_artifact
28_148_004,NO2,2026-04-30T03:00:00,9.257309676961924,8,hist_gradient_boosting_v1,2026-05-13T23:13:33.355350,good,local_model_v1_artifact
28_148_004,NO2,2026-04-30T04:00:00,12.335840429575443,9,hist_gradient_boosting_v1,2026-05-13T23:13:33.355350,good,local_model_v1_artifact
28_148_004,NO2,2026-04-30T05:00:00,15.833913203559456,10,hist_gradient_boosting_v1,2026-05-13T23:13:33.355350,good,local_model_v1_artifact
28_148_004,NO2,2026-04-30T06:00:00,18.037666934615295,11,hist_gradient_boosting_v1,2026-05-13T23:13:33.355350,good,local_model_v1_artifact
28_148_004,NO2,2026-04-30T07:00:00,18.358095180857582,12,hist_gradient_boosting_v1,2026-05-13T23:13:33.355350,good,local_model_v1_artifact
28_148_004,NO2,2026-04-30T08:00:00,12.654382188554013,13,hist_gradient_boosting_v1,2026-05-13T23:13:33.355350,good,local_model_v1_artifact
28_148_004,NO2,2026-04-30T09:00:00,10.369066730916103,14,hist_gradient_boosting_v1,2026-05-13T23:13:33.355350,good,local_model_v1_artifact
28_148_004,NO2,2026-04-30T10:00:00,8.634601809061657,15,hist_gradient_boosting_v1,2026-05-13T23:13:33.355350,good,local_model_v1_artifact
28_148_004,NO2,2026-04-30T11:00:00,8.19790874067614,16,hist_gradient_boosting_v1,2026-05-13T23:13:33.355350,good,local_model_v1_artifact
28_148_004,NO2,2026-04-30T12:00:00,7.2720482245797315,17,hist_gradient_boosting_v1,2026-05-13T23:13:33.355350,good,local_model_v1_artifact
28_148_004,NO2,2026-04-30T13:00:00,8.125876902014134,18,hist_gradient_boosting_v1,2026-05-13T23:13:33.355350,good,local_model_v1_artifact
28_148_004,NO2,2026-04-30T14:00:00,8.537548864781241,19,hist_gradient_boosting_v1,2026-05-13T23:13:33.355350,good,local_model_v1_artifact
28_148_004,NO2,2026-04-30T15:00:00,8.35000030061941,20,hist_gradient_boosting_v1,2026-05-13T23:13:33.355350,good,local_model_v1_artifact
28_148_004,NO2,2026-04-30T16:00:00,9.417741311481517,21,hist_gradient_boosting_v1,2026-05-13T23:13:33.355350,good,local_model_v1_artifact
28_148_004,NO2,2026-04-30T17:00:00,10.410797418197832,22,hist_gradient_boosting_v1,2026-05-13T23:13:33.355350,good,local_model_v1_artifact
28_148_004,NO2,2026-04-30T18:00:00,14.32721403859425,23,hist_gradient_boosting_v1,2026-05-13T23:13:33.355350,good,local_model_v1_artifact
28_148_004,NO2,2026-04-30T19:00:00,15.047813985086233,24,hist_gradient_boosting_v1,2026-05-13T23:13:33.355350,good,local_model_v1_artifact
28_161_001,NO2,2026-04-29T20:00:00,6.994244567217744,1,hist_gradient_boosting_v1,2026-05-13T23:13:33.355350,good,local_model_v1_artifact
28_161_001,NO2,2026-04-29T21:00:00,7.389469957938237,2,hist_gradient_boosting_v1,2026-05-13T23:13:33.355350,good,local_model_v1_artifact
28_161_001,NO2,2026-04-29T22:00:00,6.322704615012618,3,hist_gradient_boosting_v1,2026-05-13T23:13:33.355350,good,local_model_v1_artifact
28_161_001,NO2,2026-04-29T23:00:00,6.471091416432964,4,hist_gradient_boosting_v1,2026-05-13T23:13:33.355350,good,local_model_v1_artifact
28_161_001,NO2,2026-04-30T00:00:00,6.419442353539376,5,hist_gradient_boosting_v1,2026-05-13T23:13:33.355350,good,local_model_v1_artifact
28_161_001,NO2,2026-04-30T01:00:00,6.76608505014344,6,hist_gradient_boosting_v1,2026-05-13T23:13:33.355350,good,local_model_v1_artifact
28_161_001,NO2,2026-04-30T02:00:00,7.81114939933134,7,hist_gradient_boosting_v1,2026-05-13T23:13:33.355350,good,local_model_v1_artifact
28_161_001,NO2,2026-04-30T03:00:00,8.354238699318,8,hist_gradient_boosting_v1,2026-05-13T23:13:33.355350,good,local_model_v1_artifact
28_161_001,NO2,2026-04-30T04:00:00,10.647207053413982,9,hist_gradient_boosting_v1,2026-05-13T23:13:33.355350,good,local_model_v1_artifact
28_161_001,NO2,2026-04-30T05:00:00,11.464884926021622,10,hist_gradient_boosting_v1,2026-05-13T23:13:33.355350,good,local_model_v1_artifact
28_161_001,NO2,2026-04-30T06:00:00,14.48889127076989,11,hist_gradient_boosting_v1,2026-05-13T23:13:33.355350,good,local_model_v1_artifact
28_161_001,NO2,2026-04-30T07:00:00,12.838247589162144,12,hist_gradient_boosting_v1,2026-05-13T23:13:33.355350,good,local_model_v1_artifact
28_161_001,NO2,2026-04-30T08:00:00,9.733218033859917,13,hist_gradient_boosting_v1,2026-05-13T23:13:33.355350,good,local_model_v1_artifact
28_161_001,NO2,2026-04-30T09:00:00,7.6320701628500665,14,hist_gradient_boosting_v1,2026-05-13T23:13:33.355350,good,local_model_v1_artifact
28_161_001,NO2,2026-04-30T10:00:00,6.680792369398335,15,hist_gradient_boosting_v1,2026-05-13T23:13:33.355350,good,local_model_v1_artifact
28_161_001,NO2,2026-04-30T11:00:00,5.512365972996006,16,hist_gradient_boosting_v1,2026-05-13T23:13:33.355350,good,local_model_v1_artifact
28_161_001,NO2,2026-04-30T12:00:00,4.824029113850281,17,hist_gradient_boosting_v1,2026-05-13T23:13:33.355350,good,local_model_v1_artifact
28_161_001,NO2,2026-04-30T13:00:00,5.185924966602854,18,hist_gradient_boosting_v1,2026-05-13T23:13:33.355350,good,local_model_v1_artifact
28_161_001,NO2,2026-04-30T14:00:00,5.240690991066435,19,hist_gradient_boosting_v1,2026-05-13T23:13:33.355350,good,local_model_v1_artifact
28_161_001,NO2,2026-04-30T15:00:00,5.641142851171773,20,hist_gradient_boosting_v1,2026-05-13T23:13:33.355350,good,local_model_v1_artifact
28_161_001,NO2,2026-04-30T16:00:00,5.827534896195457,21,hist_gradient_boosting_v1,2026-05-13T23:13:33.355350,good,local_model_v1_artifact
28_161_001,NO2,2026-04-30T17:00:00,7.122629627941424,22,hist_gradient_boosting_v1,2026-05-13T23:13:33.355350,good,local_model_v1_artifact
28_161_001,NO2,2026-04-30T18:00:00,8.8119351130881,23,hist_gradient_boosting_v1,2026-05-13T23:13:33.355350,good,local_model_v1_artifact
28_161_001,NO2,2026-04-30T19:00:00,9.835749818306773,24,hist_gradient_boosting_v1,2026-05-13T23:13:33.355350,good,local_model_v1_artifact
28_171_001,NO2,2026-04-29T19:00:00,2.3083053510666263,1,hist_gradient_boosting_v1,2026-05-13T23:13:33.355350,good,local_model_v1_artifact
28_171_001,NO2,2026-04-29T20:00:00,3.2593583863366296,2,hist_gradient_boosting_v1,2026-05-13T23:13:33.355350,good,local_model_v1_artifact
28_171_001,NO2,2026-04-29T21:00:00,2.1853046131140146,3,hist_gradient_boosting_v1,2026-05-13T23:13:33.355350,good,local_model_v1_artifact
28_171_001,NO2,2026-04-29T22:00:00,1.9504292995187629,4,hist_gradient_boosting_v1,2026-05-13T23:13:33.355350,good,local_model_v1_artifact
28_171_001,NO2,2026-04-29T23:00:00,1.3330605142754344,5,hist_gradient_boosting_v1,2026-05-13T23:13:33.355350,good,local_model_v1_artifact
28_171_001,NO2,2026-04-30T00:00:00,1.1840601322092794,6,hist_gradient_boosting_v1,2026-05-13T23:13:33.355350,good,local_model_v1_artifact
28_171_001,NO2,2026-04-30T01:00:00,0.5673113262207952,7,hist_gradient_boosting_v1,2026-05-13T23:13:33.355350,good,local_model_v1_artifact
28_171_001,NO2,2026-04-30T02:00:00,0.6227243616434146,8,hist_gradient_boosting_v1,2026-05-13T23:13:33.355350,good,local_model_v1_artifact
28_171_001,NO2,2026-04-30T03:00:00,0.4949769621671621,9,hist_gradient_boosting_v1,2026-05-13T23:13:33.355350,good,local_model_v1_artifact
28_171_001,NO2,2026-04-30T04:00:00,1.0055089069005014,10,hist_gradient_boosting_v1,2026-05-13T23:13:33.355350,good,local_model_v1_artifact
28_171_001,NO2,2026-04-30T05:00:00,3.088312267476576,11,hist_gradient_boosting_v1,2026-05-13T23:13:33.355350,good,local_model_v1_artifact
28_171_001,NO2,2026-04-30T06:00:00,3.3314957158536767,12,hist_gradient_boosting_v1,2026-05-13T23:13:33.355350,good,local_model_v1_artifact
28_171_001,NO2,2026-04-30T07:00:00,2.1525870236104763,13,hist_gradient_boosting_v1,2026-05-13T23:13:33.355350,good,local_model_v1_artifact
28_171_001,NO2,2026-04-30T08:00:00,1.4463123278569354,14,hist_gradient_boosting_v1,2026-05-13T23:13:33.355350,good,local_model_v1_artifact
28_171_001,NO2,2026-04-30T09:00:00,1.4073499505786087,15,hist_gradient_boosting_v1,2026-05-13T23:13:33.355350,good,local_model_v1_artifact
28_171_001,NO2,2026-04-30T10:00:00,1.1381866219527552,16,hist_gradient_boosting_v1,2026-05-13T23:13:33.355350,good,local_model_v1_artifact
28_171_001,NO2,2026-04-30T11:00:00,1.309961699055145,17,hist_gradient_boosting_v1,2026-05-13T23:13:33.355350,good,local_model_v1_artifact
28_171_001,NO2,2026-04-30T12:00:00,1.2789606025273557,18,hist_gradient_boosting_v1,2026-05-13T23:13:33.355350,good,local_model_v1_artifact
28_171_001,NO2,2026-04-30T13:00:00,1.1900661284190912,19,hist_gradient_boosting_v1,2026-05-13T23:13:33.355350,good,local_model_v1_artifact
28_171_001,NO2,2026-04-30T14:00:00,1.123422576852359,20,hist_gradient_boosting_v1,2026-05-13T23:13:33.355350,good,local_model_v1_artifact
28_171_001,NO2,2026-04-30T15:00:00,1.437147884163608,21,hist_gradient_boosting_v1,2026-05-13T23:13:33.355350,good,local_model_v1_artifact
28_171_001,NO2,2026-04-30T16:00:00,1.3623653302224923,22,hist_gradient_boosting_v1,2026-05-13T23:13:33.355350,good,local_model_v1_artifact
28_171_001,NO2,2026-04-30T17:00:00,1.6882406683054636,23,hist_gradient_boosting_v1,2026-05-13T23:13:33.355350,good,local_model_v1_artifact
28_171_001,NO2,2026-04-30T18:00:00,1.464014497388417,24,hist_gradient_boosting_v1,2026-05-13T23:13:33.355350,good,local_model_v1_artifact
28_180_001,NO2,2026-04-29T20:00:00,4.881962402960375,1,hist_gradient_boosting_v1,2026-05-13T23:13:33.355350,good,local_model_v1_artifact
28_180_001,NO2,2026-04-29T21:00:00,5.4377669761017575,2,hist_gradient_boosting_v1,2026-05-13T23:13:33.355350,good,local_model_v1_artifact
28_180_001,NO2,2026-04-29T22:00:00,5.141869403613906,3,hist_gradient_boosting_v1,2026-05-13T23:13:33.355350,good,local_model_v1_artifact
28_180_001,NO2,2026-04-29T23:00:00,5.749381449468888,4,hist_gradient_boosting_v1,2026-05-13T23:13:33.355350,good,local_model_v1_artifact
28_180_001,NO2,2026-04-30T00:00:00,5.84003061271558,5,hist_gradient_boosting_v1,2026-05-13T23:13:33.355350,good,local_model_v1_artifact
28_180_001,NO2,2026-04-30T01:00:00,4.63880147034304,6,hist_gradient_boosting_v1,2026-05-13T23:13:33.355350,good,local_model_v1_artifact
28_180_001,NO2,2026-04-30T02:00:00,4.970124184297456,7,hist_gradient_boosting_v1,2026-05-13T23:13:33.355350,good,local_model_v1_artifact
28_180_001,NO2,2026-04-30T03:00:00,5.3203082454000485,8,hist_gradient_boosting_v1,2026-05-13T23:13:33.355350,good,local_model_v1_artifact
28_180_001,NO2,2026-04-30T04:00:00,6.657211743535406,9,hist_gradient_boosting_v1,2026-05-13T23:13:33.355350,good,local_model_v1_artifact
28_180_001,NO2,2026-04-30T05:00:00,7.20638772685893,10,hist_gradient_boosting_v1,2026-05-13T23:13:33.355350,good,local_model_v1_artifact
28_180_001,NO2,2026-04-30T06:00:00,9.559821121972144,11,hist_gradient_boosting_v1,2026-05-13T23:13:33.355350,good,local_model_v1_artifact
28_180_001,NO2,2026-04-30T07:00:00,8.293320951565462,12,hist_gradient_boosting_v1,2026-05-13T23:13:33.355350,good,local_model_v1_artifact
28_180_001,NO2,2026-04-30T08:00:00,5.531090676804052,13,hist_gradient_boosting_v1,2026-05-13T23:13:33.355350,good,local_model_v1_artifact
28_180_001,NO2,2026-04-30T09:00:00,4.62375356957919,14,hist_gradient_boosting_v1,2026-05-13T23:13:33.355350,good,local_model_v1_artifact
28_180_001,NO2,2026-04-30T10:00:00,5.022142098923869,15,hist_gradient_boosting_v1,2026-05-13T23:13:33.355350,good,local_model_v1_artifact
28_180_001,NO2,2026-04-30T11:00:00,4.778455175865505,16,hist_gradient_boosting_v1,2026-05-13T23:13:33.355350,good,local_model_v1_artifact
28_180_001,NO2,2026-04-30T12:00:00,4.603470960118753,17,hist_gradient_boosting_v1,2026-05-13T23:13:33.355350,good,local_model_v1_artifact
28_180_001,NO2,2026-04-30T13:00:00,4.985213877883902,18,hist_gradient_boosting_v1,2026-05-13T23:13:33.355350,good,local_model_v1_artifact
28_180_001,NO2,2026-04-30T14:00:00,4.842480800330322,19,hist_gradient_boosting_v1,2026-05-13T23:13:33.355350,good,local_model_v1_artifact
28_180_001,NO2,2026-04-30T15:00:00,5.2187168950619425,20,hist_gradient_boosting_v1,2026-05-13T23:13:33.355350,good,local_model_v1_artifact
28_180_001,NO2,2026-04-30T16:00:00,5.845343068465654,21,hist_gradient_boosting_v1,2026-05-13T23:13:33.355350,good,local_model_v1_artifact
28_180_001,NO2,2026-04-30T17:00:00,7.494553093902542,22,hist_gradient_boosting_v1,2026-05-13T23:13:33.355350,good,local_model_v1_artifact
28_180_001,NO2,2026-04-30T18:00:00,9.29818659388382,23,hist_gradient_boosting_v1,2026-05-13T23:13:33.355350,good,local_model_v1_artifact
28_180_001,NO2,2026-04-30T19:00:00,9.478454791941164,24,hist_gradient_boosting_v1,2026-05-13T23:13:33.355350,good,local_model_v1_artifact
